TRUNCATE TABLE countries;
TRUNCATE TABLE divisions;
TRUNCATE TABLE districts;
TRUNCATE TABLE relationships;
TRUNCATE TABLE thanas;


INSERT INTO `countries` (`id`, `name`, `short_code`, `phone_code`, `currency_code`, `created_at`, `updated_at`) VALUES
	(1, 'Afghanistan', 'AF', '93', NULL, NULL, NULL),
	(2, 'Albania', 'AL', '355', NULL, NULL, NULL),
	(3, 'Algeria', 'DZ', '213', NULL, NULL, NULL),
	(4, 'American Samoa', 'AS', '1684', NULL, NULL, NULL),
	(5, 'Andorra', 'AD', '376', NULL, NULL, NULL),
	(6, 'Angola', 'AO', '244', NULL, NULL, NULL),
	(7, 'Anguilla', 'AI', '1264', NULL, NULL, NULL),
	(8, 'Antarctica', 'AQ', '0', NULL, NULL, NULL),
	(9, 'Antigua And Barbuda', 'AG', '1268', NULL, NULL, NULL),
	(10, 'Argentina', 'AR', '54', NULL, NULL, NULL),
	(11, 'Armenia', 'AM', '374', NULL, NULL, NULL),
	(12, 'Aruba', 'AW', '297', NULL, NULL, NULL),
	(13, 'Australia', 'AU', '61', NULL, NULL, NULL),
	(14, 'Austria', 'AT', '43', NULL, NULL, NULL),
	(15, 'Azerbaijan', 'AZ', '994', NULL, NULL, NULL),
	(16, 'Bahamas The', 'BS', '1242', NULL, NULL, NULL),
	(17, 'Bahrain', 'BH', '973', NULL, NULL, NULL),
	(18, 'Bangladesh', 'BD', '880', NULL, NULL, NULL),
	(19, 'Barbados', 'BB', '1246', NULL, NULL, NULL),
	(20, 'Belarus', 'BY', '375', NULL, NULL, NULL),
	(21, 'Belgium', 'BE', '32', NULL, NULL, NULL),
	(22, 'Belize', 'BZ', '501', NULL, NULL, NULL),
	(23, 'Benin', 'BJ', '229', NULL, NULL, NULL),
	(24, 'Bermuda', 'BM', '1441', NULL, NULL, NULL),
	(25, 'Bhutan', 'BT', '975', NULL, NULL, NULL),
	(26, 'Bolivia', 'BO', '591', NULL, NULL, NULL),
	(27, 'Bosnia and Herzegovina', 'BA', '387', NULL, NULL, NULL),
	(28, 'Botswana', 'BW', '267', NULL, NULL, NULL),
	(29, 'Bouvet Island', 'BV', '0', NULL, NULL, NULL),
	(30, 'Brazil', 'BR', '55', NULL, NULL, NULL),
	(31, 'British Indian Ocean Territory', 'IO', '246', NULL, NULL, NULL),
	(32, 'Brunei', 'BN', '673', NULL, NULL, NULL),
	(33, 'Bulgaria', 'BG', '359', NULL, NULL, NULL),
	(34, 'Burkina Faso', 'BF', '226', NULL, NULL, NULL),
	(35, 'Burundi', 'BI', '257', NULL, NULL, NULL),
	(36, 'Cambodia', 'KH', '855', NULL, NULL, NULL),
	(37, 'Cameroon', 'CM', '237', NULL, NULL, NULL),
	(38, 'Canada', 'CA', '1', NULL, NULL, NULL),
	(39, 'Cape Verde', 'CV', '238', NULL, NULL, NULL),
	(40, 'Cayman Islands', 'KY', '1345', NULL, NULL, NULL),
	(41, 'Central African Republic', 'CF', '236', NULL, NULL, NULL),
	(42, 'Chad', 'TD', '235', NULL, NULL, NULL),
	(43, 'Chile', 'CL', '56', NULL, NULL, NULL),
	(44, 'China', 'CN', '86', NULL, NULL, NULL),
	(45, 'Christmas Island', 'CX', '61', NULL, NULL, NULL),
	(46, 'Cocos (Keeling) Islands', 'CC', '672', NULL, NULL, NULL),
	(47, 'Colombia', 'CO', '57', NULL, NULL, NULL),
	(48, 'Comoros', 'KM', '269', NULL, NULL, NULL),
	(49, 'Republic Of The Congo', 'CG', '242', NULL, NULL, NULL),
	(50, 'Democratic Republic Of The Congo', 'CD', '242', NULL, NULL, NULL),
	(51, 'Cook Islands', 'CK', '682', NULL, NULL, NULL),
	(52, 'Costa Rica', 'CR', '506', NULL, NULL, NULL),
	(53, 'Cote D\'\'Ivoire (Ivory Coast)', 'CI', '225', NULL, NULL, NULL),
	(54, 'Croatia (Hrvatska)', 'HR', '385', NULL, NULL, NULL),
	(55, 'Cuba', 'CU', '53', NULL, NULL, NULL),
	(56, 'Cyprus', 'CY', '357', NULL, NULL, NULL),
	(57, 'Czech Republic', 'CZ', '420', NULL, NULL, NULL),
	(58, 'Denmark', 'DK', '45', NULL, NULL, NULL),
	(59, 'Djibouti', 'DJ', '253', NULL, NULL, NULL),
	(60, 'Dominica', 'DM', '1767', NULL, NULL, NULL),
	(61, 'Dominican Republic', 'DO', '1809', NULL, NULL, NULL),
	(62, 'East Timor', 'TP', '670', NULL, NULL, NULL),
	(63, 'Ecuador', 'EC', '593', NULL, NULL, NULL),
	(64, 'Egypt', 'EG', '20', NULL, NULL, NULL),
	(65, 'El Salvador', 'SV', '503', NULL, NULL, NULL),
	(66, 'Equatorial Guinea', 'GQ', '240', NULL, NULL, NULL),
	(67, 'Eritrea', 'ER', '291', NULL, NULL, NULL),
	(68, 'Estonia', 'EE', '372', NULL, NULL, NULL),
	(69, 'Ethiopia', 'ET', '251', NULL, NULL, NULL),
	(70, 'External Territories of Australia', 'XA', '61', NULL, NULL, NULL),
	(71, 'Falkland Islands', 'FK', '500', NULL, NULL, NULL),
	(72, 'Faroe Islands', 'FO', '298', NULL, NULL, NULL),
	(73, 'Fiji Islands', 'FJ', '679', NULL, NULL, NULL),
	(74, 'Finland', 'FI', '358', NULL, NULL, NULL),
	(75, 'France', 'FR', '33', NULL, NULL, NULL),
	(76, 'French Guiana', 'GF', '594', NULL, NULL, NULL),
	(77, 'French Polynesia', 'PF', '689', NULL, NULL, NULL),
	(78, 'French Southern Territories', 'TF', '0', NULL, NULL, NULL),
	(79, 'Gabon', 'GA', '241', NULL, NULL, NULL),
	(80, 'Gambia The', 'GM', '220', NULL, NULL, NULL),
	(81, 'Georgia', 'GE', '995', NULL, NULL, NULL),
	(82, 'Germany', 'DE', '49', NULL, NULL, NULL),
	(83, 'Ghana', 'GH', '233', NULL, NULL, NULL),
	(84, 'Gibraltar', 'GI', '350', NULL, NULL, NULL),
	(85, 'Greece', 'GR', '30', NULL, NULL, NULL),
	(86, 'Greenland', 'GL', '299', NULL, NULL, NULL),
	(87, 'Grenada', 'GD', '1473', NULL, NULL, NULL),
	(88, 'Guadeloupe', 'GP', '590', NULL, NULL, NULL),
	(89, 'Guam', 'GU', '1671', NULL, NULL, NULL),
	(90, 'Guatemala', 'GT', '502', NULL, NULL, NULL),
	(91, 'Guernsey and Alderney', 'XU', '44', NULL, NULL, NULL),
	(92, 'Guinea', 'GN', '224', NULL, NULL, NULL),
	(93, 'Guinea-Bissau', 'GW', '245', NULL, NULL, NULL),
	(94, 'Guyana', 'GY', '592', NULL, NULL, NULL),
	(95, 'Haiti', 'HT', '509', NULL, NULL, NULL),
	(96, 'Heard and McDonald Islands', 'HM', '0', NULL, NULL, NULL),
	(97, 'Honduras', 'HN', '504', NULL, NULL, NULL),
	(98, 'Hong Kong S.A.R.', 'HK', '852', NULL, NULL, NULL),
	(99, 'Hungary', 'HU', '36', NULL, NULL, NULL),
	(100, 'Iceland', 'IS', '354', NULL, NULL, NULL),
	(101, 'India', 'IN', '91', NULL, NULL, NULL),
	(102, 'Indonesia', 'ID', '62', NULL, NULL, NULL),
	(103, 'Iran', 'IR', '98', NULL, NULL, NULL),
	(104, 'Iraq', 'IQ', '964', NULL, NULL, NULL),
	(105, 'Ireland', 'IE', '353', NULL, NULL, NULL),
	(106, 'Israel', 'IL', '972', NULL, NULL, NULL),
	(107, 'Italy', 'IT', '39', NULL, NULL, NULL),
	(108, 'Jamaica', 'JM', '1876', NULL, NULL, NULL),
	(109, 'Japan', 'JP', '81', NULL, NULL, NULL),
	(110, 'Jersey', 'XJ', '44', NULL, NULL, NULL),
	(111, 'Jordan', 'JO', '962', NULL, NULL, NULL),
	(112, 'Kazakhstan', 'KZ', '7', NULL, NULL, NULL),
	(113, 'Kenya', 'KE', '254', NULL, NULL, NULL),
	(114, 'Kiribati', 'KI', '686', NULL, NULL, NULL),
	(115, 'Korea North', 'KP', '850', NULL, NULL, NULL),
	(116, 'Korea South', 'KR', '82', NULL, NULL, NULL),
	(117, 'Kuwait', 'KW', '965', NULL, NULL, NULL),
	(118, 'Kyrgyzstan', 'KG', '996', NULL, NULL, NULL),
	(119, 'Laos', 'LA', '856', NULL, NULL, NULL),
	(120, 'Latvia', 'LV', '371', NULL, NULL, NULL),
	(121, 'Lebanon', 'LB', '961', NULL, NULL, NULL),
	(122, 'Lesotho', 'LS', '266', NULL, NULL, NULL),
	(123, 'Liberia', 'LR', '231', NULL, NULL, NULL),
	(124, 'Libya', 'LY', '218', NULL, NULL, NULL),
	(125, 'Liechtenstein', 'LI', '423', NULL, NULL, NULL),
	(126, 'Lithuania', 'LT', '370', NULL, NULL, NULL),
	(127, 'Luxembourg', 'LU', '352', NULL, NULL, NULL),
	(128, 'Macau S.A.R.', 'MO', '853', NULL, NULL, NULL),
	(129, 'Macedonia', 'MK', '389', NULL, NULL, NULL),
	(130, 'Madagascar', 'MG', '261', NULL, NULL, NULL),
	(131, 'Malawi', 'MW', '265', NULL, NULL, NULL),
	(132, 'Malaysia', 'MY', '60', NULL, NULL, NULL),
	(133, 'Maldives', 'MV', '960', NULL, NULL, NULL),
	(134, 'Mali', 'ML', '223', NULL, NULL, NULL),
	(135, 'Malta', 'MT', '356', NULL, NULL, NULL),
	(136, 'Man (Isle of)', 'XM', '44', NULL, NULL, NULL),
	(137, 'Marshall Islands', 'MH', '692', NULL, NULL, NULL),
	(138, 'Martinique', 'MQ', '596', NULL, NULL, NULL),
	(139, 'Mauritania', 'MR', '222', NULL, NULL, NULL),
	(140, 'Mauritius', 'MU', '230', NULL, NULL, NULL),
	(141, 'Mayotte', 'YT', '269', NULL, NULL, NULL),
	(142, 'Mexico', 'MX', '52', NULL, NULL, NULL),
	(143, 'Micronesia', 'FM', '691', NULL, NULL, NULL),
	(144, 'Moldova', 'MD', '373', NULL, NULL, NULL),
	(145, 'Monaco', 'MC', '377', NULL, NULL, NULL),
	(146, 'Mongolia', 'MN', '976', NULL, NULL, NULL),
	(147, 'Montserrat', 'MS', '1664', NULL, NULL, NULL),
	(148, 'Morocco', 'MA', '212', NULL, NULL, NULL),
	(149, 'Mozambique', 'MZ', '258', NULL, NULL, NULL),
	(150, 'Myanmar', 'MM', '95', NULL, NULL, NULL),
	(151, 'Namibia', 'NA', '264', NULL, NULL, NULL),
	(152, 'Nauru', 'NR', '674', NULL, NULL, NULL),
	(153, 'Nepal', 'NP', '977', NULL, NULL, NULL),
	(154, 'Netherlands Antilles', 'AN', '599', NULL, NULL, NULL),
	(155, 'Netherlands The', 'NL', '31', NULL, NULL, NULL),
	(156, 'New Caledonia', 'NC', '687', NULL, NULL, NULL),
	(157, 'New Zealand', 'NZ', '64', NULL, NULL, NULL),
	(158, 'Nicaragua', 'NI', '505', NULL, NULL, NULL),
	(159, 'Niger', 'NE', '227', NULL, NULL, NULL),
	(160, 'Nigeria', 'NG', '234', NULL, NULL, NULL),
	(161, 'Niue', 'NU', '683', NULL, NULL, NULL),
	(162, 'Norfolk Island', 'NF', '672', NULL, NULL, NULL),
	(163, 'Northern Mariana Islands', 'MP', '1670', NULL, NULL, NULL),
	(164, 'Norway', 'NO', '47', NULL, NULL, NULL),
	(165, 'Oman', 'OM', '968', NULL, NULL, NULL),
	(166, 'Pakistan', 'PK', '92', NULL, NULL, NULL),
	(167, 'Palau', 'PW', '680', NULL, NULL, NULL),
	(168, 'Palestinian Territory Occupied', 'PS', '970', NULL, NULL, NULL),
	(169, 'Panama', 'PA', '507', NULL, NULL, NULL),
	(170, 'Papua new Guinea', 'PG', '675', NULL, NULL, NULL),
	(171, 'Paraguay', 'PY', '595', NULL, NULL, NULL),
	(172, 'Peru', 'PE', '51', NULL, NULL, NULL),
	(173, 'Philippines', 'PH', '63', NULL, NULL, NULL),
	(174, 'Pitcairn Island', 'PN', '0', NULL, NULL, NULL),
	(175, 'Poland', 'PL', '48', NULL, NULL, NULL),
	(176, 'Portugal', 'PT', '351', NULL, NULL, NULL),
	(177, 'Puerto Rico', 'PR', '1787', NULL, NULL, NULL),
	(178, 'Qatar', 'QA', '974', NULL, NULL, NULL),
	(179, 'Reunion', 'RE', '262', NULL, NULL, NULL),
	(180, 'Romania', 'RO', '40', NULL, NULL, NULL),
	(181, 'Russia', 'RU', '70', NULL, NULL, NULL),
	(182, 'Rwanda', 'RW', '250', NULL, NULL, NULL),
	(183, 'Saint Helena', 'SH', '290', NULL, NULL, NULL),
	(184, 'Saint Kitts And Nevis', 'KN', '1869', NULL, NULL, NULL),
	(185, 'Saint Lucia', 'LC', '1758', NULL, NULL, NULL),
	(186, 'Saint Pierre and Miquelon', 'PM', '508', NULL, NULL, NULL),
	(187, 'Saint Vincent And The Grenadines', 'VC', '1784', NULL, NULL, NULL),
	(188, 'Samoa', 'WS', '684', NULL, NULL, NULL),
	(189, 'San Marino', 'SM', '378', NULL, NULL, NULL),
	(190, 'Sao Tome and Principe', 'ST', '239', NULL, NULL, NULL),
	(191, 'Saudi Arabia', 'SA', '966', NULL, NULL, NULL),
	(192, 'Senegal', 'SN', '221', NULL, NULL, NULL),
	(193, 'Serbia', 'RS', '381', NULL, NULL, NULL),
	(194, 'Seychelles', 'SC', '248', NULL, NULL, NULL),
	(195, 'Sierra Leone', 'SL', '232', NULL, NULL, NULL),
	(196, 'Singapore', 'SG', '65', NULL, NULL, NULL),
	(197, 'Slovakia', 'SK', '421', NULL, NULL, NULL),
	(198, 'Slovenia', 'SI', '386', NULL, NULL, NULL),
	(199, 'Smaller Territories of the UK', 'XG', '44', NULL, NULL, NULL),
	(200, 'Solomon Islands', 'SB', '677', NULL, NULL, NULL),
	(201, 'Somalia', 'SO', '252', NULL, NULL, NULL),
	(202, 'South Africa', 'ZA', '27', NULL, NULL, NULL),
	(203, 'South Georgia', 'GS', '0', NULL, NULL, NULL),
	(204, 'South Sudan', 'SS', '211', NULL, NULL, NULL),
	(205, 'Spain', 'ES', '34', NULL, NULL, NULL),
	(206, 'Sri Lanka', 'LK', '94', NULL, NULL, NULL),
	(207, 'Sudan', 'SD', '249', NULL, NULL, NULL),
	(208, 'Suriname', 'SR', '597', NULL, NULL, NULL),
	(209, 'Svalbard And Jan Mayen Islands', 'SJ', '47', NULL, NULL, NULL),
	(210, 'Swaziland', 'SZ', '268', NULL, NULL, NULL),
	(211, 'Sweden', 'SE', '46', NULL, NULL, NULL),
	(212, 'Switzerland', 'CH', '41', NULL, NULL, NULL),
	(213, 'Syria', 'SY', '963', NULL, NULL, NULL),
	(214, 'Taiwan', 'TW', '886', NULL, NULL, NULL),
	(215, 'Tajikistan', 'TJ', '992', NULL, NULL, NULL),
	(216, 'Tanzania', 'TZ', '255', NULL, NULL, NULL),
	(217, 'Thailand', 'TH', '66', NULL, NULL, NULL),
	(218, 'Togo', 'TG', '228', NULL, NULL, NULL),
	(219, 'Tokelau', 'TK', '690', NULL, NULL, NULL),
	(220, 'Tonga', 'TO', '676', NULL, NULL, NULL),
	(221, 'Trinidad And Tobago', 'TT', '1868', NULL, NULL, NULL),
	(222, 'Tunisia', 'TN', '216', NULL, NULL, NULL),
	(223, 'Turkey', 'TR', '90', NULL, NULL, NULL),
	(224, 'Turkmenistan', 'TM', '7370', NULL, NULL, NULL),
	(225, 'Turks And Caicos Islands', 'TC', '1649', NULL, NULL, NULL),
	(226, 'Tuvalu', 'TV', '688', NULL, NULL, NULL),
	(227, 'Uganda', 'UG', '256', NULL, NULL, NULL),
	(228, 'Ukraine', 'UA', '380', NULL, NULL, NULL),
	(229, 'United Arab Emirates', 'AE', '971', NULL, NULL, NULL),
	(230, 'United Kingdom', 'GB', '44', NULL, NULL, NULL),
	(231, 'United States', 'US', '1', NULL, NULL, NULL),
	(232, 'United States Minor Outlying Islands', 'UM', '1', NULL, NULL, NULL),
	(233, 'Uruguay', 'UY', '598', NULL, NULL, NULL),
	(234, 'Uzbekistan', 'UZ', '998', NULL, NULL, NULL),
	(235, 'Vanuatu', 'VU', '678', NULL, NULL, NULL),
	(236, 'Vatican City State (Holy See)', 'VA', '39', NULL, NULL, NULL),
	(237, 'Venezuela', 'VE', '58', NULL, NULL, NULL),
	(238, 'Vietnam', 'VN', '84', NULL, NULL, NULL),
	(239, 'Virgin Islands (British)', 'VG', '1284', NULL, NULL, NULL),
	(240, 'Virgin Islands (US)', 'VI', '1340', NULL, NULL, NULL),
	(241, 'Wallis And Futuna Islands', 'WF', '681', NULL, NULL, NULL),
	(242, 'Western Sahara', 'EH', '212', NULL, NULL, NULL),
	(243, 'Yemen', 'YE', '967', NULL, NULL, NULL),
	(244, 'Yugoslavia', 'YU', '38', NULL, NULL, NULL),
	(245, 'Zambia', 'ZM', '260', NULL, NULL, NULL),
	(246, 'Zimbabwe', 'ZW', '26', NULL, NULL, NULL);

INSERT INTO `divisions` (`id`, `division_name_bn`, `division_name_en`, `is_active`, `is_deleted`, `created_at`, `updated_at`, `geo_code`) VALUES
	(1, 'বরিশাল', 'Barishal', 1, 0, '2024-09-09 18:00:00', '2024-09-09 18:00:00', '10'),
	(2, 'চট্টগ্রাম', 'Chattogram', 1, 0, '2024-09-09 18:00:00', '2024-09-09 18:00:00', '20'),
	(3, 'ঢাকা', 'Dhaka', 1, 0, '2024-09-09 18:00:00', '2024-09-09 18:00:00', '30'),
	(4, 'খুলনা', 'Khulna', 1, 0, '2024-09-09 18:00:00', '2024-09-09 18:00:00', '40'),
	(5, 'রাজশাহী', 'Rajshahi', 1, 0, '2024-09-09 18:00:00', '2024-09-09 18:00:00', '50'),
	(6, 'রংপুর', 'Rangpur', 1, 0, '2024-09-09 18:00:00', '2024-09-09 18:00:00', '55'),
	(7, 'ময়মনসিংহ', 'Mymensingh', 1, 0, '2024-09-09 18:00:00', '2024-09-09 18:00:00', '45'),
	(8, 'সিলেট', 'Sylhet', 1, 0, '2024-09-09 18:00:00', '2024-09-09 18:00:00', '60');



INSERT INTO `districts` (`id`, `district_name_bn`, `district_name_en`, `is_active`, `is_deleted`, `created_at`, `updated_at`, `division_id`, `geo_code`) VALUES
	(1, 'বরগুনা', 'Barguna', 1, 0, '2024-09-09 18:00:00', '2024-09-09 18:00:00', 1, '04'),
	(2, 'বরিশাল', 'Barishal', 1, 0, '2024-09-09 18:00:00', '2024-09-09 18:00:00', 1, '06'),
	(3, 'ভোলা', 'Bhola', 1, 0, '2024-09-09 18:00:00', '2024-09-09 18:00:00', 1, '09'),
	(4, 'ঝালকাঠি', 'Jhalokati', 1, 0, '2024-09-09 18:00:00', '2024-09-09 18:00:00', 1, '42'),
	(5, 'পটুয়াখালী', 'Patuakhali', 1, 0, '2024-09-09 18:00:00', '2024-09-09 18:00:00', 1, '78'),
	(6, 'পিরোজপুর', 'Pirojpur', 1, 0, '2024-09-09 18:00:00', '2024-09-09 18:00:00', 1, '79'),
	(7, 'বান্দরবান', 'Bandarban', 1, 0, '2024-09-09 18:00:00', '2024-09-09 18:00:00', 2, NULL),
	(8, 'ব্রাহ্মণবাড়িয়া', 'Brahmanbaria', 1, 0, '2024-09-09 18:00:00', '2024-09-09 18:00:00', 2, NULL),
	(9, 'চাঁদপুর', 'Chandpur', 1, 0, '2024-09-09 18:00:00', '2024-09-09 18:00:00', 2, NULL),
	(10, 'চট্টগ্রাম', 'Chittagong', 1, 0, '2024-09-09 18:00:00', '2024-09-09 18:00:00', 2, '15'),
	(11, 'কুমিল্লা', 'Comilla', 1, 0, '2024-09-09 18:00:00', '2024-09-09 18:00:00', 2, NULL),
	(12, 'কক্সবাজার', "Cox\'s Bazar", 1, 0, '2024-09-09 18:00:00', '2024-09-09 18:00:00', 2, NULL),
	(13, 'ফেনী', 'Feni', 1, 0, '2024-09-09 18:00:00', '2024-09-09 18:00:00', 2, NULL),
	(14, 'খাগড়াছড়ি', 'Khagrachhari', 1, 0, '2024-09-09 18:00:00', '2024-09-09 18:00:00', 2, NULL),
	(15, 'লক্ষ্মীপুর', 'Lakshmipur', 1, 0, '2024-09-09 18:00:00', '2024-09-09 18:00:00', 2, NULL),
	(16, 'নোয়াখালী', 'Noakhali', 1, 0, '2024-09-09 18:00:00', '2024-09-09 18:00:00', 2, NULL),
	(17, 'রাঙ্গামাটি', 'Rangamati', 1, 0, '2024-09-09 18:00:00', '2024-09-09 18:00:00', 2, NULL),
	(18, 'ঢাকা', 'Dhaka', 1, 0, '2024-09-09 18:00:00', '2024-09-09 18:00:00', 3, NULL),
	(19, 'ফরিদপুর', 'Faridpur', 1, 0, '2024-09-09 18:00:00', '2024-09-09 18:00:00', 3, NULL),
	(20, 'গাজীপুর', 'Gazipur', 1, 0, '2024-09-09 18:00:00', '2024-09-09 18:00:00', 3, NULL),
	(21, 'গোপালগঞ্জ', 'Gopalganj', 1, 0, '2024-09-09 18:00:00', '2024-09-09 18:00:00', 3, NULL),
	(22, 'কিশোরগঞ্জ', 'Kishoreganj', 1, 0, '2024-09-09 18:00:00', '2024-09-09 18:00:00', 3, NULL),
	(23, 'মাদারীপুর', 'Madaripur', 1, 0, '2024-09-09 18:00:00', '2024-09-09 18:00:00', 3, NULL),
	(24, 'মানিকগঞ্জ', 'Manikganj', 1, 0, '2024-09-09 18:00:00', '2024-09-09 18:00:00', 3, NULL),
	(25, 'মুন্সিগঞ্জ', 'Munshiganj', 1, 0, '2024-09-09 18:00:00', '2024-09-09 18:00:00', 3, NULL),
	(26, 'নারায়ণগঞ্জ', 'Narayanganj', 1, 0, '2024-09-09 18:00:00', '2024-09-09 18:00:00', 3, NULL),
	(27, 'নরসিংদী', 'Narsingdi', 1, 0, '2024-09-09 18:00:00', '2024-09-09 18:00:00', 3, NULL),
	(28, 'রাজবাড়ী', 'Rajbari', 1, 0, '2024-09-09 18:00:00', '2024-09-09 18:00:00', 3, NULL),
	(29, 'শরীয়তপুর', 'Shariatpur', 1, 0, '2024-09-09 18:00:00', '2024-09-09 18:00:00', 3, NULL),
	(30, 'টাঙ্গাইল', 'Tangail', 1, 0, '2024-09-09 18:00:00', '2024-09-09 18:00:00', 3, NULL),
	(31, 'বাগেরহাট', 'Bagerhat', 1, 0, '2024-09-09 18:00:00', '2024-09-09 18:00:00', 4, NULL),
	(32, 'চুয়াডাঙ্গা', 'Chuadanga', 1, 0, '2024-09-09 18:00:00', '2024-09-09 18:00:00', 4, NULL),
	(33, 'যশোর', 'Jashore', 1, 0, '2024-09-09 18:00:00', '2024-09-09 18:00:00', 4, NULL),
	(34, 'ঝিনাইদহ', 'Jhenaidah', 1, 0, '2024-09-09 18:00:00', '2024-09-09 18:00:00', 4, NULL),
	(35, 'খুলনা', 'Khulna', 1, 0, '2024-09-09 18:00:00', '2024-09-09 18:00:00', 4, NULL),
	(36, 'কুষ্টিয়া', 'Kushtia', 1, 0, '2024-09-09 18:00:00', '2024-09-09 18:00:00', 4, NULL),
	(37, 'মাগুরা', 'Magura', 1, 0, '2024-09-09 18:00:00', '2024-09-09 18:00:00', 4, NULL),
	(38, 'মেহেরপুর', 'Meherpur', 1, 0, '2024-09-09 18:00:00', '2024-09-09 18:00:00', 4, NULL),
	(39, 'নড়াইল', 'Narail', 1, 0, '2024-09-09 18:00:00', '2024-09-09 18:00:00', 4, NULL),
	(40, 'সাতক্ষীরা', 'Satkhira', 1, 0, '2024-09-09 18:00:00', '2024-09-09 18:00:00', 4, NULL),
	(41, 'জামালপুর', 'Jamalpur', 1, 0, '2024-09-09 18:00:00', '2024-09-09 18:00:00', 7, '39'),
	(42, 'ময়মনসিংহ', 'Mymensingh', 1, 0, '2024-09-09 18:00:00', '2024-09-09 18:00:00', 7, NULL),
	(43, 'নেত্রকোণা', 'Netrokona', 1, 0, '2024-09-09 18:00:00', '2024-09-09 18:00:00', 7, NULL),
	(44, 'শেরপুর', 'Sherpur', 1, 0, '2024-09-09 18:00:00', '2024-09-09 18:00:00', 7, NULL),
	(45, 'বগুড়া', 'Bogura', 1, 0, '2024-09-09 18:00:00', '2024-09-09 18:00:00', 5, NULL),
	(46, 'জয়পুরহাট', 'Joypurhat', 1, 0, '2024-09-09 18:00:00', '2024-09-09 18:00:00', 5, NULL),
	(47, 'নওগাঁ', 'Naogaon', 1, 0, '2024-09-09 18:00:00', '2024-09-09 18:00:00', 5, NULL),
	(48, 'নাটোর', 'Natore', 1, 0, '2024-09-09 18:00:00', '2024-09-09 18:00:00', 5, NULL),
	(49, 'চাঁপাইনবাবগঞ্জ', 'ChapaiNawabganj', 1, 0, '2024-09-09 18:00:00', '2024-09-09 18:00:00', 5, NULL),
	(50, 'পাবনা', 'Pabna', 1, 0, '2024-09-09 18:00:00', '2024-09-09 18:00:00', 5, NULL),
	(51, 'রাজশাহী', 'Rajshahi', 1, 0, '2024-09-09 18:00:00', '2024-09-09 18:00:00', 5, NULL),
	(52, 'সিরাজগঞ্জ', 'Sirajganj', 1, 0, '2024-09-09 18:00:00', '2024-09-09 18:00:00', 5, NULL),
	(53, 'দিনাজপুর', 'Dinajpur', 1, 0, '2024-09-09 18:00:00', '2024-09-09 18:00:00', 6, NULL),
	(54, 'গাইবান্ধা', 'Gaibandha', 1, 0, '2024-09-09 18:00:00', '2024-09-09 18:00:00', 6, NULL),
	(55, 'কুড়িগ্রাম', 'Kurigram', 1, 0, '2024-09-09 18:00:00', '2024-09-09 18:00:00', 6, NULL),
	(56, 'লালমনিরহাট', 'Lalmonirhat', 1, 0, '2024-09-09 18:00:00', '2024-09-09 18:00:00', 6, NULL),
	(57, 'নীলফামারী', 'Nilphamari', 1, 0, '2024-09-09 18:00:00', '2024-09-09 18:00:00', 6, NULL),
	(58, 'পঞ্চগড়', 'Panchagarh', 1, 0, '2024-09-09 18:00:00', '2024-09-09 18:00:00', 6, NULL),
	(59, 'রংপুর', 'Rangpur', 1, 0, '2024-09-09 18:00:00', '2024-09-09 18:00:00', 6, NULL),
	(60, 'ঠাকুরগাঁও', 'Thakurgaon', 1, 0, '2024-09-09 18:00:00', '2024-09-09 18:00:00', 6, NULL),
	(61, 'হবিগঞ্জ', 'Habiganj', 1, 0, '2024-09-09 18:00:00', '2024-09-09 18:00:00', 8, NULL),
	(62, 'মৌলভীবাজার', 'Moulvibazar', 1, 0, '2024-09-09 18:00:00', '2024-09-09 18:00:00', 8, NULL),
	(63, 'সুনামগঞ্জ', 'Sunamganj', 1, 0, '2024-09-09 18:00:00', '2024-09-09 18:00:00', 8, NULL),
	(64, 'সিলেট', 'Sylhet', 1, 0, '2024-09-09 18:00:00', '2024-09-09 18:00:00', 8, NULL);




INSERT INTO `relationships` (`id`, `relationship_name_bn`, `relationship_name_en`, `is_active`, `is_deleted`, `created_at`, `updated_at`) VALUES
	(1, 'বাবা', 'Father', 1, 0, '2024-09-14 18:00:00', '2024-09-14 18:00:00'),
	(2, 'মা', 'Mother', 1, 0, '2024-09-14 18:00:00', '2024-09-14 18:00:00'),
	(3, 'স্বামী', 'Husband', 1, 0, '2024-09-14 18:00:00', '2024-09-14 18:00:00'),
	(4, 'স্ত্রী', 'Wife', 1, 0, '2024-09-14 18:00:00', '2024-09-14 18:00:00'),
	(5, 'মেয়ে', 'Daughter', 1, 0, '2024-09-14 18:00:00', '2024-09-14 18:00:00'),
	(6, 'ছেলে', 'Son', 1, 0, '2024-09-14 18:00:00', '2024-09-14 18:00:00'),
	(7, 'বোন', 'Sister', 1, 0, '2024-09-14 18:00:00', '2024-09-14 18:00:00'),
	(8, 'ভাই', 'Brother', 1, 0, '2024-09-14 18:00:00', '2024-09-14 18:00:00'),
	(9, 'শ্বশুর', 'Father in law', 1, 0, '2024-09-14 18:00:00', '2024-09-14 18:00:00'),
	(10, 'শাশুড়ি', 'Mother in law', 1, 0, '2024-09-14 18:00:00', '2024-09-14 18:00:00'),
	(11, 'অন্যান্য', 'Other', 1, 0, '2024-09-14 18:00:00', '2024-09-14 18:00:00');

INSERT INTO `thanas` (`id`, `thana_name_bn`, `thana_name_en`, `is_active`, `is_deleted`, `created_at`, `updated_at`, `district_id`) VALUES
	(1, 'বরগুনা সদর', 'Borguna Sadar', 1, 0, '2024-09-09 18:00:00', '2024-09-09 18:00:00', 1),
	(2, 'আমতলী', 'Amtoli', 1, 0, '2024-09-09 18:00:00', '2024-09-09 18:00:00', 1),
	(3, 'বেতাগী', 'Betagi', 1, 0, '2024-09-09 18:00:00', '2024-09-09 18:00:00', 1),
	(4, 'তালতলি', 'Taltoli', 1, 0, '2024-09-09 18:00:00', '2024-09-09 18:00:00', 1),
	(5, 'পাথরঘাটা', 'Pathorghata', 1, 0, '2024-09-09 18:00:00', '2024-09-09 18:00:00', 1),
	(6, 'বামনা', 'Bamna', 1, 0, '2024-09-09 18:00:00', '2024-09-09 18:00:00', 1),
	(7, 'বরিশাল সদর', 'Barishal Sadar', 1, 0, '2024-09-09 18:00:00', '2024-09-09 18:00:00', 2),
	(8, 'মুলাদী', 'Muladi', 1, 0, '2024-09-09 18:00:00', '2024-09-09 18:00:00', 2),
	(9, 'গৌরনদী', 'Gournadi', 1, 0, '2024-09-09 18:00:00', '2024-09-09 18:00:00', 2),
	(10, 'আগৈলঝাড়া', 'AgoilJhora', 1, 0, '2024-09-09 18:00:00', '2024-09-09 18:00:00', 2),
	(11, 'হিজলা', 'Hijla', 1, 0, '2024-09-09 18:00:00', '2024-09-09 18:00:00', 2),
	(12, 'উজিরপুর', 'Ujirpur', 1, 0, '2024-09-09 18:00:00', '2024-09-09 18:00:00', 2),
	(13, 'মেহেন্দিগঞ্জ', 'Mehendiganj', 1, 0, '2024-09-09 18:00:00', '2024-09-09 18:00:00', 2),
	(14, 'বাবুগঞ্জ', 'Babuganj', 1, 0, '2024-09-09 18:00:00', '2024-09-09 18:00:00', 2),
	(15, 'বাকেরগঞ্জ', 'Bakerganj', 1, 0, '2024-09-09 18:00:00', '2024-09-09 18:00:00', 2),
	(16, 'বানারীপাড়া', 'Banaripara', 1, 0, '2024-09-09 18:00:00', '2024-09-09 18:00:00', 2),
	(17, 'ভোলা সদর', 'Bhola Sadar', 1, 0, '2024-09-09 18:00:00', '2024-09-09 18:00:00', 3),
	(18, 'দৌলতখান', 'Daulatkhan', 1, 0, '2024-09-09 18:00:00', '2024-09-09 18:00:00', 3),
	(19, 'লালমোহন', 'Lalmohon', 1, 0, '2024-09-09 18:00:00', '2024-09-09 18:00:00', 3),
	(20, 'মনপুরা', 'Monpura', 1, 0, '2024-09-09 18:00:00', '2024-09-09 18:00:00', 3),
	(21, 'চরফ্যাশন', 'Charfassion', 1, 0, '2024-09-09 18:00:00', '2024-09-09 18:00:00', 3),
	(22, 'তজুমদ্দিন', 'Tajumuddin', 1, 0, '2024-09-09 18:00:00', '2024-09-09 18:00:00', 3),
	(23, 'বোরহানউদ্দিন', 'Borhanuddin', 1, 0, '2024-09-09 18:00:00', '2024-09-09 18:00:00', 3),
	(24, 'ঝালকাঠি সদর', 'Jhalokathi Sadar', 1, 0, '2024-09-09 18:00:00', '2024-09-09 18:00:00', 4),
	(25, 'নলছিটি', 'Nalchiti', 1, 0, '2024-09-09 18:00:00', '2024-09-09 18:00:00', 4),
	(26, 'রাজাপুর', 'Rajapur', 1, 0, '2024-09-09 18:00:00', '2024-09-09 18:00:00', 4),
	(27, 'কাঠালিয়া', 'Kathalia', 1, 0, '2024-09-09 18:00:00', '2024-09-09 18:00:00', 4),
	(28, 'পটুয়াখালী সদর', 'Patuakhali Sadar', 1, 0, '2024-09-09 18:00:00', '2024-09-09 18:00:00', 5),
	(29, 'গলাচিপা', 'Golachipa', 1, 0, '2024-09-09 18:00:00', '2024-09-09 18:00:00', 5),
	(30, 'কলাপাড়া', 'Kolapara', 1, 0, '2024-09-09 18:00:00', '2024-09-09 18:00:00', 5),
	(31, 'দশমিনা', 'Dosmina', 1, 0, '2024-09-09 18:00:00', '2024-09-09 18:00:00', 5),
	(32, 'বাউফল', 'Bauphal', 1, 0, '2024-09-09 18:00:00', '2024-09-09 18:00:00', 5),
	(33, 'রাঙ্গাবালী', 'Rangabali', 1, 0, '2024-09-09 18:00:00', '2024-09-09 18:00:00', 5),
	(34, 'দুমকি', 'Dumki', 1, 0, '2024-09-09 18:00:00', '2024-09-09 18:00:00', 5),
	(35, 'মির্জাগঞ্জ', 'Mirjaganj', 1, 0, '2024-09-09 18:00:00', '2024-09-09 18:00:00', 5),
	(36, 'পিরোজপুর সদর', 'Perojpur Sadar', 1, 0, '2024-09-09 18:00:00', '2024-09-09 18:00:00', 6),
	(37, 'মঠবাড়ীয়া', 'Mathbaria', 1, 0, '2024-09-09 18:00:00', '2024-09-09 18:00:00', 6),
	(38, 'নাজিরপুর', 'Nazirpur', 1, 0, '2024-09-09 18:00:00', '2024-09-09 18:00:00', 6),
	(39, 'নেছারাবাদ', 'Nesarabad', 1, 0, '2024-09-09 18:00:00', '2024-09-09 18:00:00', 6),
	(40, 'ইন্দুরকানী', 'Indurkani', 1, 0, '2024-09-09 18:00:00', '2024-09-09 18:00:00', 6),
	(41, 'কাউখালী', 'kaukhali', 1, 0, '2024-09-09 18:00:00', '2024-09-09 18:00:00', 6),
	(42, 'ভান্ডারিয়া', 'Bhandaria', 1, 0, '2024-09-09 18:00:00', '2024-09-09 18:00:00', 6),
	(43, 'বান্দরবান সদর', 'Bandarbon Sadar', 1, 0, '2024-09-09 18:00:00', '2024-09-09 18:00:00', 7),
	(44, 'থানচি', 'Thanchi', 1, 0, '2024-09-09 18:00:00', '2024-09-09 18:00:00', 7),
	(45, 'রুমা', 'Ruma', 1, 0, '2024-09-09 18:00:00', '2024-09-09 18:00:00', 7),
	(46, 'রোয়াংছড়ি', 'Rowangchhari ', 1, 0, '2024-09-09 18:00:00', '2024-09-09 18:00:00', 7),
	(47, 'আলীকদম', 'Alikadam', 1, 0, '2024-09-09 18:00:00', '2024-09-09 18:00:00', 7),
	(48, 'লামা', 'Lama', 1, 0, '2024-09-09 18:00:00', '2024-09-09 18:00:00', 7),
	(49, 'নাইক্ষ্যংছড়ি', 'Naikhongchhari', 1, 0, '2024-09-09 18:00:00', '2024-09-09 18:00:00', 7),
	(50, 'ব্রাহ্মণবাড়িয়া সদর', 'Brahmanbaria Sadar', 1, 0, '2024-09-09 18:00:00', '2024-09-09 18:00:00', 8),
	(51, 'সরাইল', 'Sarail', 1, 0, '2024-09-09 18:00:00', '2024-09-09 18:00:00', 8),
	(52, 'কসবা', 'Kosba', 1, 0, '2024-09-09 18:00:00', '2024-09-09 18:00:00', 8),
	(53, 'বাঞ্ছারামপুর', 'Bancharampur', 1, 0, '2024-09-09 18:00:00', '2024-09-09 18:00:00', 8),
	(54, 'নবীনগর', 'Nabinagar', 1, 0, '2024-09-09 18:00:00', '2024-09-09 18:00:00', 8),
	(55, 'বিজয়নগর', 'Bijoynagar', 1, 0, '2024-09-09 18:00:00', '2024-09-09 18:00:00', 8),
	(56, 'আশুগঞ্জ', 'Ashuganj', 1, 0, '2024-09-09 18:00:00', '2024-09-09 18:00:00', 8),
	(57, 'আখাউড়া', 'Akhaura', 1, 0, '2024-09-09 18:00:00', '2024-09-09 18:00:00', 8),
	(58, 'নাসিরনগর', 'Nasirnagar', 1, 0, '2024-09-09 18:00:00', '2024-09-09 18:00:00', 8),
	(59, 'চাঁদপুর সদর', 'Chandpur Sadar', 1, 0, '2024-09-09 18:00:00', '2024-09-09 18:00:00', 9),
	(60, 'মতলব দক্ষিণ', 'Matlab Dakshin', 1, 0, '2024-09-09 18:00:00', '2024-09-09 18:00:00', 9),
	(61, 'ফরিদগঞ্জ', 'Faridganj', 1, 0, '2024-09-09 18:00:00', '2024-09-09 18:00:00', 9),
	(62, 'হাজীগঞ্জ', 'Hajiganj', 1, 0, '2024-09-09 18:00:00', '2024-09-09 18:00:00', 9),
	(63, 'হাইমচর', 'Haimchar', 1, 0, '2024-09-09 18:00:00', '2024-09-09 18:00:00', 9),
	(64, 'মতলব উত্তর', 'Matlab Uttar', 1, 0, '2024-09-09 18:00:00', '2024-09-09 18:00:00', 9),
	(65, 'কচুয়া', 'Kochua', 1, 0, '2024-09-09 18:00:00', '2024-09-09 18:00:00', 9),
	(66, 'শাহরাস্তি', 'Shaharasti', 1, 0, '2024-09-09 18:00:00', '2024-09-09 18:00:00', 9),
	(67, 'কোতোয়ালি', 'Kotwali', 1, 0, '2024-09-09 18:00:00', '2024-09-09 18:00:00', 10),
	(68, 'পাঁচলাইশ', 'Panchlaish', 1, 0, '2024-09-09 18:00:00', '2024-09-09 18:00:00', 10),
	(69, 'চাদগাঁও', 'Chandgaon', 1, 0, '2024-09-09 18:00:00', '2024-09-09 18:00:00', 10),
	(70, 'বন্দর ', 'Bandor', 1, 0, '2024-09-09 18:00:00', '2024-09-09 18:00:00', 10),
	(71, 'পাহাড়তলী', 'Pahartoli', 1, 0, '2024-09-09 18:00:00', '2024-09-09 18:00:00', 10),
	(72, 'ডাবল মুরিং', 'Double Muring', 1, 0, '2024-09-09 18:00:00', '2024-09-09 18:00:00', 10),
	(73, 'আনোয়ারা', 'Anwara', 1, 0, '2024-09-09 18:00:00', '2024-09-09 18:00:00', 10),
	(74, 'পটিয়া', 'Patiya', 1, 0, '2024-09-09 18:00:00', '2024-09-09 18:00:00', 10),
	(75, 'বোয়ালখালী', 'Boalkhali', 1, 0, '2024-09-09 18:00:00', '2024-09-09 18:00:00', 10),
	(76, 'সাতকানিয়া', 'Satkania', 1, 0, '2024-09-09 18:00:00', '2024-09-09 18:00:00', 10),
	(77, 'চন্দনাইশ', 'Chandanaish', 1, 0, '2024-09-09 18:00:00', '2024-09-09 18:00:00', 10),
	(78, 'বাঁশখালী', 'Bashkhali', 1, 0, '2024-09-09 18:00:00', '2024-09-09 18:00:00', 10),
	(79, 'লোহাগাড়া', 'Lohagora', 1, 0, '2024-09-09 18:00:00', '2024-09-09 18:00:00', 10),
	(80, 'সন্দ্বীপ', 'Sandip', 1, 0, '2024-09-09 18:00:00', '2024-09-09 18:00:00', 10),
	(81, 'হাটহাজারী', 'Hathazari', 1, 0, '2024-09-09 18:00:00', '2024-09-09 18:00:00', 10),
	(82, 'মীরসরাই', 'Mirsharai', 1, 0, '2024-09-09 18:00:00', '2024-09-09 18:00:00', 10),
	(83, 'ফটিকছড়ি', 'Fatikchhari', 1, 0, '2024-09-09 18:00:00', '2024-09-09 18:00:00', 10),
	(84, 'রাঙ্গুনিয়া', 'Rangunia', 1, 0, '2024-09-09 18:00:00', '2024-09-09 18:00:00', 10),
	(85, 'সীতাকুন্ড', 'Sitakundu', 1, 0, '2024-09-09 18:00:00', '2024-09-09 18:00:00', 10),
	(86, 'রাউজান', 'Raujan', 1, 0, '2024-09-09 18:00:00', '2024-09-09 18:00:00', 10),
	(87, 'কর্ণফুলী', 'Karnaphuli', 1, 0, '2024-09-09 18:00:00', '2024-09-09 18:00:00', 10),
	(88, 'কুমিল্লা আদর্শ সদর', 'Comilla Adarsha Sadar', 1, 0, '2024-09-09 18:00:00', '2024-09-09 18:00:00', 11),
	(89, 'কুমিল্লা সদর দক্ষিণ', 'Comilla Sadar Dakshin', 1, 0, '2024-09-09 18:00:00', '2024-09-09 18:00:00', 11),
	(90, 'ব্রাহ্মণপাড়া', 'Brahmanpara', 1, 0, '2024-09-09 18:00:00', '2024-09-09 18:00:00', 11),
	(91, 'দাউদকান্দি', 'Daoudkandi', 1, 0, '2024-09-09 18:00:00', '2024-09-09 18:00:00', 11),
	(92, 'বুড়িচং', 'Burichang', 1, 0, '2024-09-09 18:00:00', '2024-09-09 18:00:00', 11),
	(93, 'চৌদ্দগ্রাম', 'Chouddagram', 1, 0, '2024-09-09 18:00:00', '2024-09-09 18:00:00', 11),
	(94, 'লাকসাম', 'Laksham', 1, 0, '2024-09-09 18:00:00', '2024-09-09 18:00:00', 11),
	(95, 'মনোহরগঞ্জ', 'Monohorganj', 1, 0, '2024-09-09 18:00:00', '2024-09-09 18:00:00', 11),
	(96, 'মেঘনা', 'Meghna', 1, 0, '2024-09-09 18:00:00', '2024-09-09 18:00:00', 11),
	(97, 'হোমনা', 'Homna', 1, 0, '2024-09-09 18:00:00', '2024-09-09 18:00:00', 11),
	(98, 'তিতাস', 'Titas', 1, 0, '2024-09-09 18:00:00', '2024-09-09 18:00:00', 11),
	(99, 'নাঙ্গলকোট', 'Nangolkot', 1, 0, '2024-09-09 18:00:00', '2024-09-09 18:00:00', 11),
	(100, 'মুরাদনগর', 'Muradnagar', 1, 0, '2024-09-09 18:00:00', '2024-09-09 18:00:00', 11),
	(101, 'বরুড়া', 'Barura', 1, 0, '2024-09-09 18:00:00', '2024-09-09 18:00:00', 11),
	(102, 'চান্দিনা', 'Chandina', 1, 0, '2024-09-09 18:00:00', '2024-09-09 18:00:00', 11),
	(103, 'দেবিদ্বার', 'Debidwar', 1, 0, '2024-09-09 18:00:00', '2024-09-09 18:00:00', 11),
	(104, 'লালমাই', 'Lalmai', 1, 0, '2024-09-09 18:00:00', '2024-09-09 18:00:00', 11),
	(105, 'কক্সবাজার সদর', "Cox\'s Bazar Sadar", 1, 0, '2024-09-09 18:00:00', '2024-09-09 18:00:00', 12),
	(106, 'মহেশখালী', 'Moheshkhali', 1, 0, '2024-09-09 18:00:00', '2024-09-09 18:00:00', 12),
	(107, 'কুতুবদিয়া', 'Kutubdia', 1, 0, '2024-09-09 18:00:00', '2024-09-09 18:00:00', 12),
	(108, 'টেকনাফ', 'Teknaf', 1, 0, '2024-09-09 18:00:00', '2024-09-09 18:00:00', 12),
	(109, 'রামু', 'Ramu', 1, 0, '2024-09-09 18:00:00', '2024-09-09 18:00:00', 12),
	(110, 'উখিয়া', 'Ukhia', 1, 0, '2024-09-09 18:00:00', '2024-09-09 18:00:00', 12),
	(111, 'চকরিয়া', 'Chokoria', 1, 0, '2024-09-09 18:00:00', '2024-09-09 18:00:00', 12),
	(112, 'পেকুয়া', 'Pekua', 1, 0, '2024-09-09 18:00:00', '2024-09-09 18:00:00', 12),
	(113, 'ফেনী সদর', 'Feni Sadar', 1, 0, '2024-09-09 18:00:00', '2024-09-09 18:00:00', 13),
	(114, 'দাগনভূঞা', 'Dagonbhuiyan', 1, 0, '2024-09-09 18:00:00', '2024-09-09 18:00:00', 13),
	(115, 'ফুলগাজী', 'Fulgazi', 1, 0, '2024-09-09 18:00:00', '2024-09-09 18:00:00', 13),
	(116, 'পরশুরাম', 'Porshuram', 1, 0, '2024-09-09 18:00:00', '2024-09-09 18:00:00', 13),
	(117, 'ছাগলনাইয়া', 'Chhagalnaiya', 1, 0, '2024-09-09 18:00:00', '2024-09-09 18:00:00', 13),
	(118, 'সোনাগাজী', 'Sonagazi', 1, 0, '2024-09-09 18:00:00', '2024-09-09 18:00:00', 13),
	(119, 'খাগড়াছড়ি সদর', 'Khagrachari Sadar', 1, 0, '2024-09-09 18:00:00', '2024-09-09 18:00:00', 14),
	(120, 'পানছড়ি', 'Panchhari', 1, 0, '2024-09-09 18:00:00', '2024-09-09 18:00:00', 14),
	(121, 'মহালছড়ি', 'Mahalchhari', 1, 0, '2024-09-09 18:00:00', '2024-09-09 18:00:00', 14),
	(122, 'দিঘীনালা', 'Dighinala', 1, 0, '2024-09-09 18:00:00', '2024-09-09 18:00:00', 14),
	(123, 'মাটিরাঙ্গা', 'Matiranga', 1, 0, '2024-09-09 18:00:00', '2024-09-09 18:00:00', 14),
	(124, 'লক্ষীছড়ি', 'Lakshmichhari', 1, 0, '2024-09-09 18:00:00', '2024-09-09 18:00:00', 14),
	(125, 'মানিকছড়ি', 'Manikchhari', 1, 0, '2024-09-09 18:00:00', '2024-09-09 18:00:00', 14),
	(126, 'রামগড়', 'Ramgarh', 1, 0, '2024-09-09 18:00:00', '2024-09-09 18:00:00', 14),
	(127, 'গুইমারা', 'Guimara', 1, 0, '2024-09-09 18:00:00', '2024-09-09 18:00:00', 14),
	(128, 'লক্ষ্মীপুর সদর', 'Lakshmipur Sadar', 1, 0, '2024-09-09 18:00:00', '2024-09-09 18:00:00', 15),
	(129, 'রায়পুর', 'Raipur', 1, 0, '2024-09-09 18:00:00', '2024-09-09 18:00:00', 15),
	(130, 'রামগতি', 'Ramgoti', 1, 0, '2024-09-09 18:00:00', '2024-09-09 18:00:00', 15),
	(131, 'রামগঞ্জ', 'Ramganj', 1, 0, '2024-09-09 18:00:00', '2024-09-09 18:00:00', 15),
	(132, 'কমলনগর', 'Kamalnagar', 1, 0, '2024-09-09 18:00:00', '2024-09-09 18:00:00', 15),
	(133, 'নোয়াখালী সদর', 'Noakhali Sadar', 1, 0, '2024-09-09 18:00:00', '2024-09-09 18:00:00', 16),
	(134, 'বেগমগঞ্জ', 'Begumganj', 1, 0, '2024-09-09 18:00:00', '2024-09-09 18:00:00', 16),
	(135, 'কোম্পানীগঞ্জ', 'Companiganj', 1, 0, '2024-09-09 18:00:00', '2024-09-09 18:00:00', 16),
	(136, 'সুবর্ণচর', 'Subornochar', 1, 0, '2024-09-09 18:00:00', '2024-09-09 18:00:00', 16),
	(137, 'সোনাইমুড়ী', 'Sunaimuri', 1, 0, '2024-09-09 18:00:00', '2024-09-09 18:00:00', 16),
	(138, 'চাটখিল', 'Chatkhil', 1, 0, '2024-09-09 18:00:00', '2024-09-09 18:00:00', 16),
	(139, 'সেনবাগ', 'Shenbagh', 1, 0, '2024-09-09 18:00:00', '2024-09-09 18:00:00', 16),
	(140, 'কবিরহাট', 'Kabirhat', 1, 0, '2024-09-09 18:00:00', '2024-09-09 18:00:00', 16),
	(141, 'হাতিয়া', 'Hatia', 1, 0, '2024-09-09 18:00:00', '2024-09-09 18:00:00', 16),
	(142, 'রাঙ্গামাটি সদর', 'Rangamati Sadar', 1, 0, '2024-09-09 18:00:00', '2024-09-09 18:00:00', 17),
	(143, 'বরকল', 'Barkal', 1, 0, '2024-09-09 18:00:00', '2024-09-09 18:00:00', 17),
	(144, 'লংগদু', 'Langadu', 1, 0, '2024-09-09 18:00:00', '2024-09-09 18:00:00', 17),
	(145, 'বাঘাইছড়ি', 'Baghaichhari', 1, 0, '2024-09-09 18:00:00', '2024-09-09 18:00:00', 17),
	(146, 'নানিয়ারচর', 'Naniarchar', 1, 0, '2024-09-09 18:00:00', '2024-09-09 18:00:00', 17),
	(147, 'কাউখালী', 'Kawkhali', 1, 0, '2024-09-09 18:00:00', '2024-09-09 18:00:00', 17),
	(148, 'রাজস্থলী', 'Rajasthali', 1, 0, '2024-09-09 18:00:00', '2024-09-09 18:00:00', 17),
	(149, 'বিলাইছড়ি', 'Belaichhari', 1, 0, '2024-09-09 18:00:00', '2024-09-09 18:00:00', 17),
	(150, 'জুরাছড়ি', 'Jurachhari', 1, 0, '2024-09-09 18:00:00', '2024-09-09 18:00:00', 17),
	(151, 'কাপ্তাই', 'kaptai', 1, 0, '2024-09-09 18:00:00', '2024-09-09 18:00:00', 17),
	(152, 'কোতোয়ালি', 'Kotwali', 1, 0, '2024-09-09 18:00:00', '2024-09-09 18:00:00', 18),
	(153, 'মোহাম্মদপুর', 'Mohammadpur', 1, 0, '2024-09-09 18:00:00', '2024-09-09 18:00:00', 18),
	(154, 'লালবাগ', 'Lalbagh', 1, 0, '2024-09-09 18:00:00', '2024-09-09 18:00:00', 18),
	(155, 'সূত্রাপুর', 'Sutrapur', 1, 0, '2024-09-09 18:00:00', '2024-09-09 18:00:00', 18),
	(156, 'মতিঝিল', 'Motijhil', 1, 0, '2024-09-09 18:00:00', '2024-09-09 18:00:00', 18),
	(157, 'ডেমরা', 'Demra', 1, 0, '2024-09-09 18:00:00', '2024-09-09 18:00:00', 18),
	(158, 'সবুজবাগ', 'Sabujbagh', 1, 0, '2024-09-09 18:00:00', '2024-09-09 18:00:00', 18),
	(159, 'মিরপুর', 'Mirpur', 1, 0, '2024-09-09 18:00:00', '2024-09-09 18:00:00', 18),
	(160, 'গুলশান', 'Gulshan', 1, 0, '2024-09-09 18:00:00', '2024-09-09 18:00:00', 18),
	(161, 'উত্তরা', 'Uttara', 1, 0, '2024-09-09 18:00:00', '2024-09-09 18:00:00', 18),
	(162, 'পল্লবী', 'Pallabi', 1, 0, '2024-09-09 18:00:00', '2024-09-09 18:00:00', 18),
	(163, 'ক্যান্টনমেন্ট', 'Cantonment', 1, 0, '2024-09-09 18:00:00', '2024-09-09 18:00:00', 18),
	(164, 'ধানমন্ডি', 'Dhanmondi', 1, 0, '2024-09-09 18:00:00', '2024-09-09 18:00:00', 18),
	(165, 'তেজগাঁও', 'Tejgaon', 1, 0, '2024-09-09 18:00:00', '2024-09-09 18:00:00', 18),
	(166, 'রমনা', 'Ramna', 1, 0, '2024-09-09 18:00:00', '2024-09-09 18:00:00', 18),
	(167, 'কেরাণীগঞ্জ', 'Keraniganj', 1, 0, '2024-09-09 18:00:00', '2024-09-09 18:00:00', 18),
	(168, 'দোহার', 'Dohar', 1, 0, '2024-09-09 18:00:00', '2024-09-09 18:00:00', 18),
	(169, 'নবাবগঞ্জ', 'Nawabganj', 1, 0, '2024-09-09 18:00:00', '2024-09-09 18:00:00', 18),
	(170, 'সাভার', 'Savar', 1, 0, '2024-09-09 18:00:00', '2024-09-09 18:00:00', 18),
	(171, 'ধামরাই', 'Dhamrai', 1, 0, '2024-09-09 18:00:00', '2024-09-09 18:00:00', 18),
	(172, 'ফরিদপুর সদর', 'Faridpur Sadar', 1, 0, '2024-09-09 18:00:00', '2024-09-09 18:00:00', 19),
	(173, 'বোয়ালমারী', 'Boalmari', 1, 0, '2024-09-09 18:00:00', '2024-09-09 18:00:00', 19),
	(174, 'সদরপুর', 'Sadarpur', 1, 0, '2024-09-09 18:00:00', '2024-09-09 18:00:00', 19),
	(175, 'চরভদ্রাসন', 'Char Bhadrashon', 1, 0, '2024-09-09 18:00:00', '2024-09-09 18:00:00', 19),
	(176, 'ভাঙ্গা', 'Bhanga', 1, 0, '2024-09-09 18:00:00', '2024-09-09 18:00:00', 19),
	(177, 'নগরকান্দা', 'Nagarkanda', 1, 0, '2024-09-09 18:00:00', '2024-09-09 18:00:00', 19),
	(178, 'মধুখালী', 'Madhukhali', 1, 0, '2024-09-09 18:00:00', '2024-09-09 18:00:00', 19),
	(179, 'আলফাডাঙ্গা', 'Alphadanga', 1, 0, '2024-09-09 18:00:00', '2024-09-09 18:00:00', 19),
	(180, 'সালথা', 'Saltha', 1, 0, '2024-09-09 18:00:00', '2024-09-09 18:00:00', 19),
	(181, 'গাজীপুর সদর', 'Gazipur Sadar', 1, 0, '2024-09-09 18:00:00', '2024-09-09 18:00:00', 20),
	(182, 'টংগী', 'Tongi', 1, 0, '2024-09-09 18:00:00', '2024-09-09 18:00:00', 20),
	(183, 'কালীগঞ্জ', 'kaliganj', 1, 0, '2024-09-09 18:00:00', '2024-09-09 18:00:00', 20),
	(184, 'কালিয়াকৈর', 'Kaliakoir', 1, 0, '2024-09-09 18:00:00', '2024-09-09 18:00:00', 20),
	(185, 'কাপাসিয়া', 'Kapashia', 1, 0, '2024-09-09 18:00:00', '2024-09-09 18:00:00', 20),
	(186, 'শ্রীপুর', 'Sreepur', 1, 0, '2024-09-09 18:00:00', '2024-09-09 18:00:00', 20),
	(187, 'গোপালগঞ্জ সদর', 'Gopalganj Sadar', 1, 0, '2024-09-09 18:00:00', '2024-09-09 18:00:00', 21),
	(188, 'কাশিয়ানী', 'kashiani', 1, 0, '2024-09-09 18:00:00', '2024-09-09 18:00:00', 21),
	(189, 'টুংগীপাড়া', 'Tungipara', 1, 0, '2024-09-09 18:00:00', '2024-09-09 18:00:00', 21),
	(190, 'মুকসুদপুর', 'Muksudpur', 1, 0, '2024-09-09 18:00:00', '2024-09-09 18:00:00', 21),
	(191, 'কোটালীপাড়া', 'Kotalipara', 1, 0, '2024-09-09 18:00:00', '2024-09-09 18:00:00', 21),
	(192, 'কিশোরগঞ্জ সদর', 'Keshoreganj Sadar', 1, 0, '2024-09-09 18:00:00', '2024-09-09 18:00:00', 22),
	(193, 'হোসেনপুর', 'Hosenpur', 1, 0, '2024-09-09 18:00:00', '2024-09-09 18:00:00', 22),
	(194, 'করিমগঞ্জ', 'Karimganj', 1, 0, '2024-09-09 18:00:00', '2024-09-09 18:00:00', 22),
	(195, 'পাকুন্দিয়া', 'Pakundia', 1, 0, '2024-09-09 18:00:00', '2024-09-09 18:00:00', 22),
	(196, 'নিকলী', 'Nikli', 1, 0, '2024-09-09 18:00:00', '2024-09-09 18:00:00', 22),
	(197, 'বাজিতপুর', 'Bajitpur', 1, 0, '2024-09-09 18:00:00', '2024-09-09 18:00:00', 22),
	(198, 'কুলিয়ারচর', 'Kuliarchar', 1, 0, '2024-09-09 18:00:00', '2024-09-09 18:00:00', 22),
	(199, 'ভৈরব', 'Bhairab', 1, 0, '2024-09-09 18:00:00', '2024-09-09 18:00:00', 22),
	(200, 'মিঠামইন', 'Metha Moin', 1, 0, '2024-09-09 18:00:00', '2024-09-09 18:00:00', 22),
	(201, 'ইটনা', 'Itna', 1, 0, '2024-09-09 18:00:00', '2024-09-09 18:00:00', 22),
	(202, 'কটিয়াদী', 'Kotiadi', 1, 0, '2024-09-09 18:00:00', '2024-09-09 18:00:00', 22),
	(203, 'অষ্টগ্রাম', 'Ostogram', 1, 0, '2024-09-09 18:00:00', '2024-09-09 18:00:00', 22),
	(204, 'তাড়াইল', 'Tarail', 1, 0, '2024-09-09 18:00:00', '2024-09-09 18:00:00', 22),
	(205, 'মাদারীপুর সদর', 'Madaripur Sadar', 1, 0, '2024-09-09 18:00:00', '2024-09-09 18:00:00', 23),
	(206, 'কালকিনি', 'Kalkini', 1, 0, '2024-09-09 18:00:00', '2024-09-09 18:00:00', 23),
	(207, 'রাজৈর', 'Rajoir', 1, 0, '2024-09-09 18:00:00', '2024-09-09 18:00:00', 23),
	(208, 'শিবচর', 'Shibchar', 1, 0, '2024-09-09 18:00:00', '2024-09-09 18:00:00', 23),
	(209, 'ডাসার', 'Dasar', 1, 0, '2024-09-09 18:00:00', '2024-09-09 18:00:00', 23),
	(210, 'মানিকগঞ্জ সদর', 'Manikganj Sadar', 1, 0, '2024-09-09 18:00:00', '2024-09-09 18:00:00', 24),
	(211, 'সিংগাইর', 'Singair', 1, 0, '2024-09-09 18:00:00', '2024-09-09 18:00:00', 24),
	(212, 'দৌলতপুর', 'Daulatpur', 1, 0, '2024-09-09 18:00:00', '2024-09-09 18:00:00', 24),
	(213, 'হরিরামপুর', 'Horirampur', 1, 0, '2024-09-09 18:00:00', '2024-09-09 18:00:00', 24),
	(214, 'ঘিওর', 'Gheor', 1, 0, '2024-09-09 18:00:00', '2024-09-09 18:00:00', 24),
	(215, 'শিবালয়', 'Shibaloy', 1, 0, '2024-09-09 18:00:00', '2024-09-09 18:00:00', 24),
	(216, 'সাটুরিয়া', 'Saturia', 1, 0, '2024-09-09 18:00:00', '2024-09-09 18:00:00', 24),
	(217, 'মুন্সিগঞ্জ সদর', 'Munshiganj Sadar', 1, 0, '2024-09-09 18:00:00', '2024-09-09 18:00:00', 25),
	(218, 'টংগীবাড়ি', 'Tongibari', 1, 0, '2024-09-09 18:00:00', '2024-09-09 18:00:00', 25),
	(219, 'লৌহজং', 'Louhojong', 1, 0, '2024-09-09 18:00:00', '2024-09-09 18:00:00', 25),
	(220, 'শ্রীনগর', 'Sreenagar', 1, 0, '2024-09-09 18:00:00', '2024-09-09 18:00:00', 25),
	(221, 'সিরাজদিখান', 'Sirajdikhan', 1, 0, '2024-09-09 18:00:00', '2024-09-09 18:00:00', 25),
	(222, 'গজারিয়া', 'Gazaria', 1, 0, '2024-09-09 18:00:00', '2024-09-09 18:00:00', 25),
	(223, 'নারায়নগঞ্জ সদর', 'Narayanganj Sadar', 1, 0, '2024-09-09 18:00:00', '2024-09-09 18:00:00', 26),
	(224, 'বন্দর', 'Bandor', 1, 0, '2024-09-09 18:00:00', '2024-09-09 18:00:00', 26),
	(225, 'সোনারগাঁ', 'Sonargaon', 1, 0, '2024-09-09 18:00:00', '2024-09-09 18:00:00', 26),
	(226, 'আড়াইহাজার', 'AraiHazar', 1, 0, '2024-09-09 18:00:00', '2024-09-09 18:00:00', 26),
	(227, 'রূপগঞ্জ', 'Rupganj', 1, 0, '2024-09-09 18:00:00', '2024-09-09 18:00:00', 26),
	(228, 'নরসিংদী সদর', 'Norshingdi Sadar', 1, 0, '2024-09-09 18:00:00', '2024-09-09 18:00:00', 27),
	(229, 'মনোহরদী', 'Monorhordi', 1, 0, '2024-09-09 18:00:00', '2024-09-09 18:00:00', 27),
	(230, 'শিবপুর', 'Shibpur', 1, 0, '2024-09-09 18:00:00', '2024-09-09 18:00:00', 27),
	(231, 'পলাশ', 'Palash', 1, 0, '2024-09-09 18:00:00', '2024-09-09 18:00:00', 27),
	(232, 'বেলাবো', 'Belabo', 1, 0, '2024-09-09 18:00:00', '2024-09-09 18:00:00', 27),
	(233, 'রায়পুরা', 'Raipura', 1, 0, '2024-09-09 18:00:00', '2024-09-09 18:00:00', 27),
	(234, 'রাজবাড়ী সদর', 'Rajbari Sadar', 1, 0, '2024-09-09 18:00:00', '2024-09-09 18:00:00', 28),
	(235, 'পাংশা', 'Pangsha', 1, 0, '2024-09-09 18:00:00', '2024-09-09 18:00:00', 28),
	(236, 'গোয়ালন্দ', 'Goalondo', 1, 0, '2024-09-09 18:00:00', '2024-09-09 18:00:00', 28),
	(237, 'কালুখালী', 'Kalukhali', 1, 0, '2024-09-09 18:00:00', '2024-09-09 18:00:00', 28),
	(238, 'বালিয়াকান্দি', 'Baliakandi', 1, 0, '2024-09-09 18:00:00', '2024-09-09 18:00:00', 28),
	(239, 'শরিয়তপুর সদর', 'Sariyatpur Sadar', 1, 0, '2024-09-09 18:00:00', '2024-09-09 18:00:00', 29),
	(240, 'ডামুড্যা', 'Damudda', 1, 0, '2024-09-09 18:00:00', '2024-09-09 18:00:00', 29),
	(241, 'নড়িয়া', 'Noria', 1, 0, '2024-09-09 18:00:00', '2024-09-09 18:00:00', 29),
	(242, 'জাজিরা', 'Jajira', 1, 0, '2024-09-09 18:00:00', '2024-09-09 18:00:00', 29),
	(243, 'ভেদরগঞ্জ', 'Vedorganj', 1, 0, '2024-09-09 18:00:00', '2024-09-09 18:00:00', 29),
	(244, 'গোসাইরহাট', 'Goshair Hat', 1, 0, '2024-09-09 18:00:00', '2024-09-09 18:00:00', 29),
	(245, 'টাঙ্গাইল সদর', 'Tangail Sadar', 1, 0, '2024-09-09 18:00:00', '2024-09-09 18:00:00', 30),
	(246, 'দেলদুয়ার', 'Delduar', 1, 0, '2024-09-09 18:00:00', '2024-09-09 18:00:00', 30),
	(247, 'মির্জাপুর', 'Mirjapur', 1, 0, '2024-09-09 18:00:00', '2024-09-09 18:00:00', 30),
	(248, 'ভুয়াপুর', 'Bhuapur', 1, 0, '2024-09-09 18:00:00', '2024-09-09 18:00:00', 30),
	(249, 'ঘাটাইল', 'Ghatail', 1, 0, '2024-09-09 18:00:00', '2024-09-09 18:00:00', 30),
	(250, 'বাসাইল', 'Bashail', 1, 0, '2024-09-09 18:00:00', '2024-09-09 18:00:00', 30),
	(251, 'নাগরপুর', 'Nagorpur', 1, 0, '2024-09-09 18:00:00', '2024-09-09 18:00:00', 30),
	(252, 'কালিহাতী', 'Kalihati', 1, 0, '2024-09-09 18:00:00', '2024-09-09 18:00:00', 30),
	(253, 'সখিপুর', 'Sokhipur', 1, 0, '2024-09-09 18:00:00', '2024-09-09 18:00:00', 30),
	(254, 'গোপালপুর', 'Gopalpur', 1, 0, '2024-09-09 18:00:00', '2024-09-09 18:00:00', 30),
	(255, 'ধনবাড়ী', 'Dhanbari', 1, 0, '2024-09-09 18:00:00', '2024-09-09 18:00:00', 30),
	(256, 'মধুপুর', 'Madhupur', 1, 0, '2024-09-09 18:00:00', '2024-09-09 18:00:00', 30),
	(257, 'বাগেরহাট সদর', 'Bagerhat Sadar', 1, 0, '2024-09-09 18:00:00', '2024-09-09 18:00:00', 31),
	(258, 'কচুয়া', 'Kochua', 1, 0, '2024-09-09 18:00:00', '2024-09-09 18:00:00', 31),
	(259, 'রামপাল', 'Rampal', 1, 0, '2024-09-09 18:00:00', '2024-09-09 18:00:00', 31),
	(260, 'শরণখোলা', 'Saron Khola', 1, 0, '2024-09-09 18:00:00', '2024-09-09 18:00:00', 31),
	(261, 'মোড়লগঞ্জ', 'Morolganj', 1, 0, '2024-09-09 18:00:00', '2024-09-09 18:00:00', 31),
	(262, 'মোল্লাহাট', 'Mollahat', 1, 0, '2024-09-09 18:00:00', '2024-09-09 18:00:00', 31),
	(263, 'চিতলমারী', 'Chitolmari', 1, 0, '2024-09-09 18:00:00', '2024-09-09 18:00:00', 31),
	(264, 'ফকিরহাট', 'Fakirhat', 1, 0, '2024-09-09 18:00:00', '2024-09-09 18:00:00', 31),
	(265, 'মোংলা', 'Mongla', 1, 0, '2024-09-09 18:00:00', '2024-09-09 18:00:00', 31),
	(266, 'চুয়াডাঙ্গা সদর', 'Chuadanga Sadar', 1, 0, '2024-09-09 18:00:00', '2024-09-09 18:00:00', 32),
	(267, 'জীবননগর', 'Jibonnagar', 1, 0, '2024-09-09 18:00:00', '2024-09-09 18:00:00', 32),
	(268, 'দামুড়হুদা', 'Damurhuda', 1, 0, '2024-09-09 18:00:00', '2024-09-09 18:00:00', 32),
	(269, 'আলমডাঙ্গা', 'Alamdanga', 1, 0, '2024-09-09 18:00:00', '2024-09-09 18:00:00', 32),
	(270, 'যশোর সদর', 'Jessore Sadar', 1, 0, '2024-09-09 18:00:00', '2024-09-09 18:00:00', 33),
	(271, 'কেশবপুর', 'Keshobpur', 1, 0, '2024-09-09 18:00:00', '2024-09-09 18:00:00', 33),
	(272, 'ঝিকরগাছা', 'Jhikorgacha', 1, 0, '2024-09-09 18:00:00', '2024-09-09 18:00:00', 33),
	(273, 'মণিরামপুর', 'Monirampur', 1, 0, '2024-09-09 18:00:00', '2024-09-09 18:00:00', 33),
	(274, 'বাঘারপাড়া', 'Bagharpara', 1, 0, '2024-09-09 18:00:00', '2024-09-09 18:00:00', 33),
	(275, 'চৌগাছা', 'Chowgacha', 1, 0, '2024-09-09 18:00:00', '2024-09-09 18:00:00', 33),
	(276, 'শার্শা', 'Sharsha', 1, 0, '2024-09-09 18:00:00', '2024-09-09 18:00:00', 33),
	(277, 'অভয়নগর', 'Avoynagar', 1, 0, '2024-09-09 18:00:00', '2024-09-09 18:00:00', 33),
	(278, 'ঝিনাইদহ সদর', 'Jhenaidah Sadar', 1, 0, '2024-09-09 18:00:00', '2024-09-09 18:00:00', 34),
	(279, 'কালীগঞ্জ', 'kaliganj', 1, 0, '2024-09-09 18:00:00', '2024-09-09 18:00:00', 34),
	(280, 'কোটচাঁদপুর', 'Kotchandpur', 1, 0, '2024-09-09 18:00:00', '2024-09-09 18:00:00', 34),
	(281, 'হরিণাকুন্ডু', 'Harinakundu', 1, 0, '2024-09-09 18:00:00', '2024-09-09 18:00:00', 34),
	(282, 'শৈলকুপা', 'Shailkupa', 1, 0, '2024-09-09 18:00:00', '2024-09-09 18:00:00', 34),
	(283, 'মহেশপুর', 'Moheshpur', 1, 0, '2024-09-09 18:00:00', '2024-09-09 18:00:00', 34),
	(284, 'খুলনা সদর', 'Khulna Sadar', 1, 0, '2024-09-09 18:00:00', '2024-09-09 18:00:00', 35),
	(285, 'সোনাডাঙ্গা', 'Sonadanga', 1, 0, '2024-09-09 18:00:00', '2024-09-09 18:00:00', 35),
	(286, 'ফুলতলা', 'Phultola', 1, 0, '2024-09-09 18:00:00', '2024-09-09 18:00:00', 35),
	(287, 'পাইকগাছা', 'Paikgacha', 1, 0, '2024-09-09 18:00:00', '2024-09-09 18:00:00', 35),
	(288, 'ডুমুরিয়া', 'Dumuria', 1, 0, '2024-09-09 18:00:00', '2024-09-09 18:00:00', 35),
	(289, 'তেরখাদা', 'Terokhada', 1, 0, '2024-09-09 18:00:00', '2024-09-09 18:00:00', 35),
	(290, 'দিঘলিয়া', 'Degholia', 1, 0, '2024-09-09 18:00:00', '2024-09-09 18:00:00', 35),
	(291, 'রূপসা', 'Rupsha', 1, 0, '2024-09-09 18:00:00', '2024-09-09 18:00:00', 35),
	(292, 'বটিয়াঘাটা', 'Batiaghata', 1, 0, '2024-09-09 18:00:00', '2024-09-09 18:00:00', 35),
	(293, 'দাকোপ', 'Dakop', 1, 0, '2024-09-09 18:00:00', '2024-09-09 18:00:00', 35),
	(294, 'কয়রা', 'Koira', 1, 0, '2024-09-09 18:00:00', '2024-09-09 18:00:00', 35),
	(295, 'কুষ্টিয়া সদর', 'Kushtia Sadar', 1, 0, '2024-09-09 18:00:00', '2024-09-09 18:00:00', 36),
	(296, 'কুমারখালী', 'Kumarkhali', 1, 0, '2024-09-09 18:00:00', '2024-09-09 18:00:00', 36),
	(297, 'দৌলতপুর', 'Daulatpur', 1, 0, '2024-09-09 18:00:00', '2024-09-09 18:00:00', 36),
	(298, 'ভেড়ামারা', 'Bheramara', 1, 0, '2024-09-09 18:00:00', '2024-09-09 18:00:00', 36),
	(299, 'খোকসা', 'Khoksha', 1, 0, '2024-09-09 18:00:00', '2024-09-09 18:00:00', 36),
	(300, 'মিরপুর', 'Mirpur', 1, 0, '2024-09-09 18:00:00', '2024-09-09 18:00:00', 36),
	(301, 'মাগুরা সদর', 'Magura Sadar', 1, 0, '2024-09-09 18:00:00', '2024-09-09 18:00:00', 37),
	(302, 'শ্রীপুর', 'Sreepur', 1, 0, '2024-09-09 18:00:00', '2024-09-09 18:00:00', 37),
	(303, 'শালিখা', 'Salikha', 1, 0, '2024-09-09 18:00:00', '2024-09-09 18:00:00', 37),
	(304, 'মোহাম্মদপুর', 'Mohammadpur', 1, 0, '2024-09-09 18:00:00', '2024-09-09 18:00:00', 37),
	(305, 'মেহেরপুর সদর', 'Meherpur Sadar', 1, 0, '2024-09-09 18:00:00', '2024-09-09 18:00:00', 38),
	(306, 'গাংনী', 'Gangni', 1, 0, '2024-09-09 18:00:00', '2024-09-09 18:00:00', 38),
	(307, 'মুজিবনগর', 'Mujibnagar', 1, 0, '2024-09-09 18:00:00', '2024-09-09 18:00:00', 38),
	(308, 'নড়াইল সদর', 'Norail Sadar', 1, 0, '2024-09-09 18:00:00', '2024-09-09 18:00:00', 39),
	(309, 'কালিয়া', 'Kalia', 1, 0, '2024-09-09 18:00:00', '2024-09-09 18:00:00', 39),
	(310, 'লোহাগড়া', 'Lohagora', 1, 0, '2024-09-09 18:00:00', '2024-09-09 18:00:00', 39),
	(311, 'সাতক্ষীরা সদর', 'Satkhira Sadar', 1, 0, '2024-09-09 18:00:00', '2024-09-09 18:00:00', 40),
	(312, 'শ্যামনগর', 'Shyamnagar', 1, 0, '2024-09-09 18:00:00', '2024-09-09 18:00:00', 40),
	(313, 'আশাশুনি', 'Ashashuni', 1, 0, '2024-09-09 18:00:00', '2024-09-09 18:00:00', 40),
	(314, 'তালা', 'Tala', 1, 0, '2024-09-09 18:00:00', '2024-09-09 18:00:00', 40),
	(315, 'কালিগঞ্জ', 'Kaliganj', 1, 0, '2024-09-09 18:00:00', '2024-09-09 18:00:00', 40),
	(316, 'কলারোয়া', 'Kolaroa', 1, 0, '2024-09-09 18:00:00', '2024-09-09 18:00:00', 40),
	(317, 'দেবহাটা', 'Debhata', 1, 0, '2024-09-09 18:00:00', '2024-09-09 18:00:00', 40),
	(318, 'জামালপুর সদর', 'Jamalpur Sadar', 1, 0, '2024-09-09 18:00:00', '2024-09-09 18:00:00', 41),
	(319, 'ইসলামপুর', 'Islampur', 1, 0, '2024-09-09 18:00:00', '2024-09-09 18:00:00', 41),
	(320, 'দেওয়ানগঞ্জ', 'Dewanganj', 1, 0, '2024-09-09 18:00:00', '2024-09-09 18:00:00', 41),
	(321, 'সরিষাবাড়ী', 'Sarishabari', 1, 0, '2024-09-09 18:00:00', '2024-09-09 18:00:00', 41),
	(322, 'মাদারগঞ্জ', 'Madarganj', 1, 0, '2024-09-09 18:00:00', '2024-09-09 18:00:00', 41),
	(323, 'বকশীগঞ্জ', 'Bokshiganj', 1, 0, '2024-09-09 18:00:00', '2024-09-09 18:00:00', 41),
	(324, 'মেলান্দহ', 'Melandaha', 1, 0, '2024-09-09 18:00:00', '2024-09-09 18:00:00', 41),
	(325, 'ময়মনসিংহ সদর', 'Mymensingh Sadar', 1, 0, '2024-09-09 18:00:00', '2024-09-09 18:00:00', 42),
	(326, 'মুক্তাগাছা', 'Muktagacha', 1, 0, '2024-09-09 18:00:00', '2024-09-09 18:00:00', 42),
	(327, 'ফুলবাড়ীয়া', 'Phulbaria', 1, 0, '2024-09-09 18:00:00', '2024-09-09 18:00:00', 42),
	(328, 'ভালুকা', 'Bhaluka', 1, 0, '2024-09-09 18:00:00', '2024-09-09 18:00:00', 42),
	(329, 'ত্রিশাল', 'Trishal', 1, 0, '2024-09-09 18:00:00', '2024-09-09 18:00:00', 42),
	(330, 'গফরগাঁও', 'Goforgaon', 1, 0, '2024-09-09 18:00:00', '2024-09-09 18:00:00', 42),
	(331, 'নান্দাইল', 'Nandail', 1, 0, '2024-09-09 18:00:00', '2024-09-09 18:00:00', 42),
	(332, 'ঈশ্বরগঞ্জ', 'Ishwarganj', 1, 0, '2024-09-09 18:00:00', '2024-09-09 18:00:00', 42),
	(333, 'ধোবাউড়া', 'Dhobaura', 1, 0, '2024-09-09 18:00:00', '2024-09-09 18:00:00', 42),
	(334, 'গৌরীপুর', 'Gouripur', 1, 0, '2024-09-09 18:00:00', '2024-09-09 18:00:00', 42),
	(335, 'ফুলপুর', 'Phulpur', 1, 0, '2024-09-09 18:00:00', '2024-09-09 18:00:00', 42),
	(336, 'হালুয়াঘাট', 'Haluaghat', 1, 0, '2024-09-09 18:00:00', '2024-09-09 18:00:00', 42),
	(337, 'তারাকান্দা', 'Tarakanda', 1, 0, '2024-09-09 18:00:00', '2024-09-09 18:00:00', 42),
	(338, 'নেত্রকোণা সদর', 'Netrokona Sadar', 1, 0, '2024-09-09 18:00:00', '2024-09-09 18:00:00', 43),
	(339, 'আটপাড়া', 'Atpara', 1, 0, '2024-09-09 18:00:00', '2024-09-09 18:00:00', 43),
	(340, 'বারহাট্টা', 'Barhatta', 1, 0, '2024-09-09 18:00:00', '2024-09-09 18:00:00', 43),
	(341, 'মোহনগঞ্জ', 'Mohonganj', 1, 0, '2024-09-09 18:00:00', '2024-09-09 18:00:00', 43),
	(342, 'কলমাকান্দা', 'Kalmakanda', 1, 0, '2024-09-09 18:00:00', '2024-09-09 18:00:00', 43),
	(343, 'দুর্গাপুর', 'Durgapur', 1, 0, '2024-09-09 18:00:00', '2024-09-09 18:00:00', 43),
	(344, 'মদন', 'Madan', 1, 0, '2024-09-09 18:00:00', '2024-09-09 18:00:00', 43),
	(345, 'কেন্দুয়া', 'Kendua', 1, 0, '2024-09-09 18:00:00', '2024-09-09 18:00:00', 43),
	(346, 'পূর্বধলা', 'Purbodhola', 1, 0, '2024-09-09 18:00:00', '2024-09-09 18:00:00', 43),
	(347, 'খালিয়াজুরী', 'Khaliajuri', 1, 0, '2024-09-09 18:00:00', '2024-09-09 18:00:00', 43),
	(348, 'শেরপুর সদর', 'Sherpur Sadar', 1, 0, '2024-09-09 18:00:00', '2024-09-09 18:00:00', 44),
	(349, 'নকলা', 'Nakla', 1, 0, '2024-09-09 18:00:00', '2024-09-09 18:00:00', 44),
	(350, 'নালিতাবাড়ী', 'Nalitabari', 1, 0, '2024-09-09 18:00:00', '2024-09-09 18:00:00', 44),
	(351, 'ঝিনাইগাতী', 'Jhenaigati', 1, 0, '2024-09-09 18:00:00', '2024-09-09 18:00:00', 44),
	(352, 'শ্রীবরদী', 'Sribordi', 1, 0, '2024-09-09 18:00:00', '2024-09-09 18:00:00', 44),
	(353, 'বগুড়া সদর', 'Bogra Sadar', 1, 0, '2024-09-09 18:00:00', '2024-09-09 18:00:00', 45),
	(354, 'শাজাহানপুর', 'Shajahanpur', 1, 0, '2024-09-09 18:00:00', '2024-09-09 18:00:00', 45),
	(355, 'সারিয়াকান্দি', 'Sariakandi', 1, 0, '2024-09-09 18:00:00', '2024-09-09 18:00:00', 45),
	(356, 'শিবগঞ্জ', 'Shibganj', 1, 0, '2024-09-09 18:00:00', '2024-09-09 18:00:00', 45),
	(357, 'গাবতলী', 'Gabtoli', 1, 0, '2024-09-09 18:00:00', '2024-09-09 18:00:00', 45),
	(358, 'ধুনট', 'Dhunot', 1, 0, '2024-09-09 18:00:00', '2024-09-09 18:00:00', 45),
	(359, 'সোনাতলা', 'Sonatola', 1, 0, '2024-09-09 18:00:00', '2024-09-09 18:00:00', 45),
	(360, 'দুপচাচিঁয়া', 'Dupchachia', 1, 0, '2024-09-09 18:00:00', '2024-09-09 18:00:00', 45),
	(361, 'আদমদিঘি', 'Adamdighi', 1, 0, '2024-09-09 18:00:00', '2024-09-09 18:00:00', 45),
	(362, 'নন্দিগ্রাম', 'Nandigram', 1, 0, '2024-09-09 18:00:00', '2024-09-09 18:00:00', 45),
	(363, 'শেরপুর', 'Sherpur', 1, 0, '2024-09-09 18:00:00', '2024-09-09 18:00:00', 45),
	(364, 'কাহালু', 'Kahalu', 1, 0, '2024-09-09 18:00:00', '2024-09-09 18:00:00', 45),
	(365, 'জয়পুরহাট সদর', 'Joipurhat Sadar', 1, 0, '2024-09-09 18:00:00', '2024-09-09 18:00:00', 46),
	(366, 'আক্কেলপুর', 'Akkelpur', 1, 0, '2024-09-09 18:00:00', '2024-09-09 18:00:00', 46),
	(367, 'কালাই', 'Kalai', 1, 0, '2024-09-09 18:00:00', '2024-09-09 18:00:00', 46),
	(368, 'পাঁচবিবি', 'Panchbibi', 1, 0, '2024-09-09 18:00:00', '2024-09-09 18:00:00', 46),
	(369, 'ক্ষেতলাল', 'Khetlal', 1, 0, '2024-09-09 18:00:00', '2024-09-09 18:00:00', 46),
	(370, 'নওগাঁ সদর', 'Nogaon Sadar', 1, 0, '2024-09-09 18:00:00', '2024-09-09 18:00:00', 47),
	(371, 'রাণীনগর', 'Raninagar', 1, 0, '2024-09-09 18:00:00', '2024-09-09 18:00:00', 47),
	(372, 'আত্রাই', 'Atrai', 1, 0, '2024-09-09 18:00:00', '2024-09-09 18:00:00', 47),
	(373, 'নিয়ামতপুর', 'Niamatpur', 1, 0, '2024-09-09 18:00:00', '2024-09-09 18:00:00', 47),
	(374, 'পোরশা', 'Porsha', 1, 0, '2024-09-09 18:00:00', '2024-09-09 18:00:00', 47),
	(375, 'সাপাহার', 'Sapahar', 1, 0, '2024-09-09 18:00:00', '2024-09-09 18:00:00', 47),
	(376, 'মান্দা', 'Manda', 1, 0, '2024-09-09 18:00:00', '2024-09-09 18:00:00', 47),
	(377, 'ধামইরহাট', 'Dhamoirhat', 1, 0, '2024-09-09 18:00:00', '2024-09-09 18:00:00', 47),
	(378, 'বদলগাছী', 'Badalgacchi', 1, 0, '2024-09-09 18:00:00', '2024-09-09 18:00:00', 47),
	(379, 'পত্নীতলা', 'Patnitala', 1, 0, '2024-09-09 18:00:00', '2024-09-09 18:00:00', 47),
	(380, 'মহাদেবপুর', 'Mohadevpur', 1, 0, '2024-09-09 18:00:00', '2024-09-09 18:00:00', 47),
	(381, 'নাটোর সদর', 'Natore Sadar', 1, 0, '2024-09-09 18:00:00', '2024-09-09 18:00:00', 48),
	(382, 'সিংড়া', 'Singra', 1, 0, '2024-09-09 18:00:00', '2024-09-09 18:00:00', 48),
	(383, 'বাগাতিপাড়া', 'Bagatipara', 1, 0, '2024-09-09 18:00:00', '2024-09-09 18:00:00', 48),
	(384, 'বড়াইগ্রাম', 'Boraigram', 1, 0, '2024-09-09 18:00:00', '2024-09-09 18:00:00', 48),
	(385, 'গুরুদাসপুর', 'Gurudaspur', 1, 0, '2024-09-09 18:00:00', '2024-09-09 18:00:00', 48),
	(386, 'লালপুর', 'Lalpur', 1, 0, '2024-09-09 18:00:00', '2024-09-09 18:00:00', 48),
	(387, 'নলডাঙ্গা', 'Naldanga', 1, 0, '2024-09-09 18:00:00', '2024-09-09 18:00:00', 48),
	(388, 'চাঁপাইনবাবগঞ্জ সদর', 'Chapainawabganj Sadar', 1, 0, '2024-09-09 18:00:00', '2024-09-09 18:00:00', 49),
	(389, 'শিবগঞ্জ', 'Shibganj', 1, 0, '2024-09-09 18:00:00', '2024-09-09 18:00:00', 49),
	(390, 'গোমস্তাপুর', 'Gomostapur', 1, 0, '2024-09-09 18:00:00', '2024-09-09 18:00:00', 49),
	(391, 'নাচোল', 'Nachol', 1, 0, '2024-09-09 18:00:00', '2024-09-09 18:00:00', 49),
	(392, 'ভোলাহাট', 'Bholahat', 1, 0, '2024-09-09 18:00:00', '2024-09-09 18:00:00', 49),
	(393, 'পাবনা সদর', 'Pabna Sadar', 1, 0, '2024-09-09 18:00:00', '2024-09-09 18:00:00', 50),
	(394, 'আটঘরিয়া', 'Atghoria', 1, 0, '2024-09-09 18:00:00', '2024-09-09 18:00:00', 50),
	(395, 'ঈশ্বরদী', 'Ishwardi', 1, 0, '2024-09-09 18:00:00', '2024-09-09 18:00:00', 50),
	(396, 'বেড়া', 'Bera', 1, 0, '2024-09-09 18:00:00', '2024-09-09 18:00:00', 50),
	(397, 'সাঁথিয়া', 'Sathiya', 1, 0, '2024-09-09 18:00:00', '2024-09-09 18:00:00', 50),
	(398, 'সুজানগর', 'Sujanagar', 1, 0, '2024-09-09 18:00:00', '2024-09-09 18:00:00', 50),
	(399, 'চাটমোহর', 'Chatmohor', 1, 0, '2024-09-09 18:00:00', '2024-09-09 18:00:00', 50),
	(400, 'ভাঙ্গুড়া', 'Bhangura', 1, 0, '2024-09-09 18:00:00', '2024-09-09 18:00:00', 50),
	(401, 'ফরিদপুর', 'Faridpur', 1, 0, '2024-09-09 18:00:00', '2024-09-09 18:00:00', 50),
	(402, 'পবা', 'Poba', 1, 0, '2024-09-09 18:00:00', '2024-09-09 18:00:00', 51),
	(403, 'পুঠিয়া', 'Putia', 1, 0, '2024-09-09 18:00:00', '2024-09-09 18:00:00', 51),
	(404, 'চারঘাট', 'Charghat', 1, 0, '2024-09-09 18:00:00', '2024-09-09 18:00:00', 51),
	(405, 'তানোর', 'Tanor', 1, 0, '2024-09-09 18:00:00', '2024-09-09 18:00:00', 51),
	(406, 'বাগমারা', 'Baghmara', 1, 0, '2024-09-09 18:00:00', '2024-09-09 18:00:00', 51),
	(407, 'বাঘা', 'Bagha', 1, 0, '2024-09-09 18:00:00', '2024-09-09 18:00:00', 51),
	(408, 'মোহনপুর', 'Mohonpur', 1, 0, '2024-09-09 18:00:00', '2024-09-09 18:00:00', 51),
	(409, 'গোদাগাড়ী', 'Godagri', 1, 0, '2024-09-09 18:00:00', '2024-09-09 18:00:00', 51),
	(410, 'দুর্গাপুর', 'Durgapur', 1, 0, '2024-09-09 18:00:00', '2024-09-09 18:00:00', 51),
	(411, 'বোয়ালিয়া', 'Boalia', 1, 0, '2024-09-09 18:00:00', '2024-09-09 18:00:00', 51),
	(412, 'রাজপাড়া', 'Rajpara', 1, 0, '2024-09-09 18:00:00', '2024-09-09 18:00:00', 51),
	(413, 'সিরাজগঞ্জ সদর', 'Sirajganj Sadar', 1, 0, '2024-09-09 18:00:00', '2024-09-09 18:00:00', 52),
	(414, 'কামারখন্দ', 'Kamarkhanda', 1, 0, '2024-09-09 18:00:00', '2024-09-09 18:00:00', 52),
	(415, 'বেলকুচি', 'Belkuchi', 1, 0, '2024-09-09 18:00:00', '2024-09-09 18:00:00', 52),
	(416, 'কাজিপুর', 'Kazipur', 1, 0, '2024-09-09 18:00:00', '2024-09-09 18:00:00', 52),
	(417, 'চৌহালী', 'Chauhali', 1, 0, '2024-09-09 18:00:00', '2024-09-09 18:00:00', 52),
	(418, 'শাহজাদপুর', 'Shahjadpur', 1, 0, '2024-09-09 18:00:00', '2024-09-09 18:00:00', 52),
	(419, 'তাড়াশ', 'Tarash', 1, 0, '2024-09-09 18:00:00', '2024-09-09 18:00:00', 52),
	(420, 'উল্লাপাড়া', 'Ullapara', 1, 0, '2024-09-09 18:00:00', '2024-09-09 18:00:00', 52),
	(421, 'রায়গঞ্জ', 'Raiganj', 1, 0, '2024-09-09 18:00:00', '2024-09-09 18:00:00', 52),
	(422, 'দিনাজপুর সদর', 'Dinajpur Sadar', 1, 0, '2024-09-09 18:00:00', '2024-09-09 18:00:00', 53),
	(423, 'পার্বতীপুর', 'Parbatipur', 1, 0, '2024-09-09 18:00:00', '2024-09-09 18:00:00', 53),
	(424, 'ফুলবাড়ী', 'Phulbari', 1, 0, '2024-09-09 18:00:00', '2024-09-09 18:00:00', 53),
	(425, 'বিরামপুর', 'Birampur', 1, 0, '2024-09-09 18:00:00', '2024-09-09 18:00:00', 53),
	(426, 'হাকিমপুর', 'Hakimpur', 1, 0, '2024-09-09 18:00:00', '2024-09-09 18:00:00', 53),
	(427, 'নবাবগঞ্জ', 'Nawabganj', 1, 0, '2024-09-09 18:00:00', '2024-09-09 18:00:00', 53),
	(428, 'ঘোড়াঘাট', 'Ghoraghat', 1, 0, '2024-09-09 18:00:00', '2024-09-09 18:00:00', 53),
	(429, 'বোচাগঞ্জ', 'Bochaganj', 1, 0, '2024-09-09 18:00:00', '2024-09-09 18:00:00', 53),
	(430, 'বিরল', 'Birol', 1, 0, '2024-09-09 18:00:00', '2024-09-09 18:00:00', 53),
	(431, 'কাহারোল', 'Kaharol', 1, 0, '2024-09-09 18:00:00', '2024-09-09 18:00:00', 53),
	(432, 'বীরগঞ্জ', 'Birganj', 1, 0, '2024-09-09 18:00:00', '2024-09-09 18:00:00', 53),
	(433, 'খানসামা', 'Khansama', 1, 0, '2024-09-09 18:00:00', '2024-09-09 18:00:00', 53),
	(434, 'চিরিরবন্দর', 'Chirirbandor', 1, 0, '2024-09-09 18:00:00', '2024-09-09 18:00:00', 53),
	(435, 'গাইবান্ধা সদর', 'Gaibandha Sadar', 1, 0, '2024-09-09 18:00:00', '2024-09-09 18:00:00', 54),
	(436, 'গোবিন্দগঞ্জ', 'Gobindaganj', 1, 0, '2024-09-09 18:00:00', '2024-09-09 18:00:00', 54),
	(437, 'ফুলছড়ি', 'Phulchhari', 1, 0, '2024-09-09 18:00:00', '2024-09-09 18:00:00', 54),
	(438, 'সাঘাট', 'Saghat', 1, 0, '2024-09-09 18:00:00', '2024-09-09 18:00:00', 54),
	(439, 'সুন্দরগঞ্জ', 'Sundarganj', 1, 0, '2024-09-09 18:00:00', '2024-09-09 18:00:00', 54),
	(440, 'পলাশবাড়ী', 'Palashbari', 1, 0, '2024-09-09 18:00:00', '2024-09-09 18:00:00', 54),
	(441, 'সাদুল্লাপুর', 'Sadullapur', 1, 0, '2024-09-09 18:00:00', '2024-09-09 18:00:00', 54),
	(442, 'কুড়িগ্রাম সদর', 'Kurigram Sadar', 1, 0, '2024-09-09 18:00:00', '2024-09-09 18:00:00', 55),
	(443, 'রৌমারী', 'Rowmari', 1, 0, '2024-09-09 18:00:00', '2024-09-09 18:00:00', 55),
	(444, 'রাজিবপুর', 'Rajibpur', 1, 0, '2024-09-09 18:00:00', '2024-09-09 18:00:00', 55),
	(445, 'চিলমারী', 'Chilmari', 1, 0, '2024-09-09 18:00:00', '2024-09-09 18:00:00', 55),
	(446, 'উলিপুর', 'Ulipur', 1, 0, '2024-09-09 18:00:00', '2024-09-09 18:00:00', 55),
	(447, 'রাজারহাট', 'Rajarhat', 1, 0, '2024-09-09 18:00:00', '2024-09-09 18:00:00', 55),
	(448, 'ফুলবাড়ী', 'Phulbari', 1, 0, '2024-09-09 18:00:00', '2024-09-09 18:00:00', 55),
	(449, 'নাগেশ্বরী', 'Nageshwori', 1, 0, '2024-09-09 18:00:00', '2024-09-09 18:00:00', 55),
	(450, 'ভূরুঙ্গামারী', 'Bhurungamari', 1, 0, '2024-09-09 18:00:00', '2024-09-09 18:00:00', 55),
	(451, 'লালমনিরহাট সদর', 'Lalmonirhat Sadar', 1, 0, '2024-09-09 18:00:00', '2024-09-09 18:00:00', 56),
	(452, 'আদিতমারী', 'Aditmari', 1, 0, '2024-09-09 18:00:00', '2024-09-09 18:00:00', 56),
	(453, 'হাতীবান্ধা', 'Hatibandha', 1, 0, '2024-09-09 18:00:00', '2024-09-09 18:00:00', 56),
	(454, 'কালীগঞ্জ', 'Kaliganj', 1, 0, '2024-09-09 18:00:00', '2024-09-09 18:00:00', 56),
	(455, 'পাটগ্রাম', 'Patgram', 1, 0, '2024-09-09 18:00:00', '2024-09-09 18:00:00', 56),
	(456, 'নীলফামারী সদর', 'Nilphamari Sadar', 1, 0, '2024-09-09 18:00:00', '2024-09-09 18:00:00', 57),
	(457, 'ডিমলা', 'Dimla', 1, 0, '2024-09-09 18:00:00', '2024-09-09 18:00:00', 57),
	(458, 'জলঢাকা', 'Jaldhaka', 1, 0, '2024-09-09 18:00:00', '2024-09-09 18:00:00', 57),
	(459, 'ডোমার', 'Domar', 1, 0, '2024-09-09 18:00:00', '2024-09-09 18:00:00', 57),
	(460, 'কিশোরগঞ্জ ', 'Kishoreganj', 1, 0, '2024-09-09 18:00:00', '2024-09-09 18:00:00', 57),
	(461, 'সৈয়দপুর', 'Saidpur', 1, 0, '2024-09-09 18:00:00', '2024-09-09 18:00:00', 57),
	(462, 'পঞ্চগড় সদর', 'Panchagarh Sadar', 1, 0, '2024-09-09 18:00:00', '2024-09-09 18:00:00', 58),
	(463, 'আটোয়ারী', 'Atwari', 1, 0, '2024-09-09 18:00:00', '2024-09-09 18:00:00', 58),
	(464, 'বোদা', 'Boda', 1, 0, '2024-09-09 18:00:00', '2024-09-09 18:00:00', 58),
	(465, 'দেবীগঞ্জ', 'Debiganj', 1, 0, '2024-09-09 18:00:00', '2024-09-09 18:00:00', 58),
	(466, 'তেতুলিয়া', 'Tetulia', 1, 0, '2024-09-09 18:00:00', '2024-09-09 18:00:00', 58),
	(467, 'রংপুর সদর', 'Rangpur Sadar', 1, 0, '2024-09-09 18:00:00', '2024-09-09 18:00:00', 59),
	(468, 'গংগাচড়া', 'Gangachara', 1, 0, '2024-09-09 18:00:00', '2024-09-09 18:00:00', 59),
	(469, 'বদরগঞ্জ', 'Badarganj', 1, 0, '2024-09-09 18:00:00', '2024-09-09 18:00:00', 59),
	(470, 'তারাগঞ্জ', 'Taraganj', 1, 0, '2024-09-09 18:00:00', '2024-09-09 18:00:00', 59),
	(471, 'কাউনিয়া', 'Kaunia', 1, 0, '2024-09-09 18:00:00', '2024-09-09 18:00:00', 59),
	(472, 'পীরগাছা', 'Pirgacha', 1, 0, '2024-09-09 18:00:00', '2024-09-09 18:00:00', 59),
	(473, 'মিঠাপুকুর', 'Mithapukur', 1, 0, '2024-09-09 18:00:00', '2024-09-09 18:00:00', 59),
	(474, 'পীরগঞ্জ', 'Pirganj', 1, 0, '2024-09-09 18:00:00', '2024-09-09 18:00:00', 59),
	(475, 'ঠাকুরগাঁও সদর', 'Thakurgaon Sadar', 1, 0, '2024-09-09 18:00:00', '2024-09-09 18:00:00', 60),
	(476, 'বালিয়াডাঙ্গী', 'Baliadangi', 1, 0, '2024-09-09 18:00:00', '2024-09-09 18:00:00', 60),
	(477, 'পীরগঞ্জ', 'Pirganj', 1, 0, '2024-09-09 18:00:00', '2024-09-09 18:00:00', 60),
	(478, 'হরিপুর', 'Horipur', 1, 0, '2024-09-09 18:00:00', '2024-09-09 18:00:00', 60),
	(479, 'রানীশংকৈল', 'Ranisankail', 1, 0, '2024-09-09 18:00:00', '2024-09-09 18:00:00', 60),
	(480, 'হবিগঞ্জ সদর', 'Hobiganj Sadar', 1, 0, '2024-09-09 18:00:00', '2024-09-09 18:00:00', 61),
	(481, 'বাহুবল', 'Bahubal', 1, 0, '2024-09-09 18:00:00', '2024-09-09 18:00:00', 61),
	(482, 'লাখাই', 'Lakhai', 1, 0, '2024-09-09 18:00:00', '2024-09-09 18:00:00', 61),
	(483, 'নবীগঞ্জ', 'Nobiganj', 1, 0, '2024-09-09 18:00:00', '2024-09-09 18:00:00', 61),
	(484, 'চুনারুঘাট', 'Chunarughat', 1, 0, '2024-09-09 18:00:00', '2024-09-09 18:00:00', 61),
	(485, 'মাধবপুর', 'Madhabpur', 1, 0, '2024-09-09 18:00:00', '2024-09-09 18:00:00', 61),
	(486, 'বানিয়াচং', 'Baniachang', 1, 0, '2024-09-09 18:00:00', '2024-09-09 18:00:00', 61),
	(487, 'আজমিরীগঞ্জ', 'Ajmiriganj', 1, 0, '2024-09-09 18:00:00', '2024-09-09 18:00:00', 61),
	(488, 'শায়েস্তাগঞ্জ', 'Shayestaganj', 1, 0, '2024-09-09 18:00:00', '2024-09-09 18:00:00', 61),
	(489, 'মৌলভীবাজার সদর', 'Moulvibazar Sadar', 1, 0, '2024-09-09 18:00:00', '2024-09-09 18:00:00', 62),
	(490, 'রাজনগর', 'Rajnagar', 1, 0, '2024-09-09 18:00:00', '2024-09-09 18:00:00', 62),
	(491, 'কুলাউড়া', 'Kulaura', 1, 0, '2024-09-09 18:00:00', '2024-09-09 18:00:00', 62),
	(492, 'জুড়ী', 'Juri', 1, 0, '2024-09-09 18:00:00', '2024-09-09 18:00:00', 62),
	(493, 'বড়লেখা', 'Barlekha', 1, 0, '2024-09-09 18:00:00', '2024-09-09 18:00:00', 62),
	(494, 'কমলগঞ্জ', 'Komolganj', 1, 0, '2024-09-09 18:00:00', '2024-09-09 18:00:00', 62),
	(495, 'শ্রীমঙ্গল', 'Srimangal', 1, 0, '2024-09-09 18:00:00', '2024-09-09 18:00:00', 62),
	(496, 'সুনামগঞ্জ সদর', 'Sunamganj Sadar', 1, 0, '2024-09-09 18:00:00', '2024-09-09 18:00:00', 63),
	(497, 'জামালগঞ্জ', 'Jamalganj', 1, 0, '2024-09-09 18:00:00', '2024-09-09 18:00:00', 63),
	(498, 'জগন্নাথপুর', 'Jagannathpur', 1, 0, '2024-09-09 18:00:00', '2024-09-09 18:00:00', 63),
	(499, 'শাল্লা', 'Sullah', 1, 0, '2024-09-09 18:00:00', '2024-09-09 18:00:00', 63),
	(500, 'ধর্মপাশা', 'Dharmapasha', 1, 0, '2024-09-09 18:00:00', '2024-09-09 18:00:00', 63),
	(501, 'বিশ্বম্ভরপুর', 'Bishwamvarpur', 1, 0, '2024-09-09 18:00:00', '2024-09-09 18:00:00', 63),
	(502, 'দক্ষিণ সুনামগঞ্জ', 'South Sunamganj', 1, 0, '2024-09-09 18:00:00', '2024-09-09 18:00:00', 63),
	(503, 'ছাতক', 'Chhatak', 1, 0, '2024-09-09 18:00:00', '2024-09-09 18:00:00', 63),
	(504, 'দোয়ারাবাজার', 'Dowarabazar', 1, 0, '2024-09-09 18:00:00', '2024-09-09 18:00:00', 63),
	(505, 'দিরাই', 'Derai', 1, 0, '2024-09-09 18:00:00', '2024-09-09 18:00:00', 63),
	(506, 'তাহিরপুর', 'Tahirpur', 1, 0, '2024-09-09 18:00:00', '2024-09-09 18:00:00', 63),
	(507, 'মধ্যনগর', 'Madhyanagar', 1, 0, '2024-09-09 18:00:00', '2024-09-09 18:00:00', 63),
	(508, 'সিলেট সদর', 'Sylhet Sadar', 1, 0, '2024-09-09 18:00:00', '2024-09-09 18:00:00', 64),
	(509, 'গোলাপগঞ্জ', 'Golapganj', 1, 0, '2024-09-09 18:00:00', '2024-09-09 18:00:00', 64),
	(510, 'বিয়ানীবাজার', 'Biwanibazar', 1, 0, '2024-09-09 18:00:00', '2024-09-09 18:00:00', 64),
	(511, 'জকিগঞ্জ', 'Jokiganj', 1, 0, '2024-09-09 18:00:00', '2024-09-09 18:00:00', 64),
	(512, 'কোম্পানীগঞ্জ', 'Companiganj', 1, 0, '2024-09-09 18:00:00', '2024-09-09 18:00:00', 64),
	(513, 'জৈন্তাপুর', 'Jaintapur', 1, 0, '2024-09-09 18:00:00', '2024-09-09 18:00:00', 64),
	(514, 'দক্ষিণ সুরমা', 'Dakshin Surma', 1, 0, '2024-09-09 18:00:00', '2024-09-09 18:00:00', 64),
	(515, 'ফেঞ্চুগঞ্জ', 'Fenchuganj', 1, 0, '2024-09-09 18:00:00', '2024-09-09 18:00:00', 64),
	(516, 'বিশ্বনাথ', 'Bishwanath', 1, 0, '2024-09-09 18:00:00', '2024-09-09 18:00:00', 64),
	(517, 'বালাগঞ্জ', 'Balaganj', 1, 0, '2024-09-09 18:00:00', '2024-09-09 18:00:00', 64),
	(518, 'গোয়াইনঘাট', 'Gowainghat', 1, 0, '2024-09-09 18:00:00', '2024-09-09 18:00:00', 64),
	(519, 'কানাইঘাট', 'Kanaighat', 1, 0, '2024-09-09 18:00:00', '2024-09-09 18:00:00', 64),
	(520, 'ওসমানী নগর', 'Osmani Nagar', 1, 0, '2024-09-09 18:00:00', '2024-09-09 18:00:00', 64);
